ISO-10303-21;
HEADER;
/* Generated by software containing ST-Developer
 * from STEP Tools, Inc. (www.steptools.com) 
 */
/* OPTION: using custom renumber hook */

FILE_DESCRIPTION(
/* description */ ('STEP AP214'),
/* implementation_level */ '2;1');

FILE_NAME(
/* name */ 'TSM-104-01-TM-SH',
/* time_stamp */ '2026-04-25T11:14:53+02:00',
/* author */ ('License CC BY-ND 4.0'),
/* organization */ ('CADENAS'),
/* preprocessor_version */ 'ST-DEVELOPER v20',
/* originating_system */ 'PARTsolutions',
/* authorisation */ '  ');

FILE_SCHEMA (('AUTOMOTIVE_DESIGN {1 0 10303 214 3 1 1}'));
ENDSEC;

DATA;
#10=PROPERTY_DEFINITION_REPRESENTATION(#14,#12);
#11=PROPERTY_DEFINITION_REPRESENTATION(#15,#13);
#12=REPRESENTATION('',(#16),#4518);
#13=REPRESENTATION('',(#17),#4518);
#14=PROPERTY_DEFINITION('pmi validation property','',#4532);
#15=PROPERTY_DEFINITION('pmi validation property','',#4532);
#16=VALUE_REPRESENTATION_ITEM('number of annotations',COUNT_MEASURE(0.));
#17=VALUE_REPRESENTATION_ITEM('number of views',COUNT_MEASURE(0.));
#18=CYLINDRICAL_SURFACE('',#2928,0.025);
#19=CYLINDRICAL_SURFACE('',#2931,0.025);
#20=CYLINDRICAL_SURFACE('',#2936,0.0500000000000001);
#21=CYLINDRICAL_SURFACE('',#2939,0.0500000000000001);
#22=CYLINDRICAL_SURFACE('',#2942,0.025);
#23=CYLINDRICAL_SURFACE('',#2945,0.025);
#24=CYLINDRICAL_SURFACE('',#2950,0.0500000000000001);
#25=CYLINDRICAL_SURFACE('',#2953,0.0500000000000001);
#26=CYLINDRICAL_SURFACE('',#2958,0.025);
#27=CYLINDRICAL_SURFACE('',#2961,0.0500000000000001);
#28=CYLINDRICAL_SURFACE('',#2963,0.025);
#29=CYLINDRICAL_SURFACE('',#2966,0.0500000000000001);
#30=CYLINDRICAL_SURFACE('',#2970,0.025);
#31=CYLINDRICAL_SURFACE('',#2973,0.0500000000000001);
#32=CYLINDRICAL_SURFACE('',#2975,0.025);
#33=CYLINDRICAL_SURFACE('',#2978,0.0500000000000001);
#34=CIRCLE('',#2915,0.025);
#35=CIRCLE('',#2916,0.0500000000000001);
#36=CIRCLE('',#2917,0.025);
#37=CIRCLE('',#2918,0.0500000000000001);
#38=CIRCLE('',#2920,0.0500000000000001);
#39=CIRCLE('',#2921,0.025);
#40=CIRCLE('',#2922,0.0500000000000001);
#41=CIRCLE('',#2923,0.025);
#42=CIRCLE('',#2929,0.025);
#43=CIRCLE('',#2930,0.025);
#44=CIRCLE('',#2932,0.025);
#45=CIRCLE('',#2933,0.025);
#46=CIRCLE('',#2937,0.0500000000000001);
#47=CIRCLE('',#2938,0.0500000000000001);
#48=CIRCLE('',#2940,0.0500000000000001);
#49=CIRCLE('',#2941,0.0500000000000001);
#50=CIRCLE('',#2943,0.025);
#51=CIRCLE('',#2944,0.025);
#52=CIRCLE('',#2946,0.025);
#53=CIRCLE('',#2947,0.025);
#54=CIRCLE('',#2951,0.0500000000000001);
#55=CIRCLE('',#2952,0.0500000000000001);
#56=CIRCLE('',#2954,0.0500000000000001);
#57=CIRCLE('',#2955,0.0500000000000001);
#58=CIRCLE('',#2959,0.025);
#59=CIRCLE('',#2962,0.0500000000000001);
#60=CIRCLE('',#2964,0.025);
#61=CIRCLE('',#2967,0.0500000000000001);
#62=CIRCLE('',#2971,0.025);
#63=CIRCLE('',#2974,0.0500000000000001);
#64=CIRCLE('',#2976,0.025);
#65=CIRCLE('',#2979,0.0500000000000001);
#66=CONTEXT_DEPENDENT_SHAPE_REPRESENTATION(#72,#4534);
#67=CONTEXT_DEPENDENT_SHAPE_REPRESENTATION(#73,#4536);
#68=CONTEXT_DEPENDENT_SHAPE_REPRESENTATION(#74,#4538);
#69=NEXT_ASSEMBLY_USAGE_OCCURRENCE('NAUO1','TSM-104-01-SH_body',
'TSM-104-01-SH_body',#4539,#4540,'');
#70=NEXT_ASSEMBLY_USAGE_OCCURRENCE('NAUO2','T-1S6-08-TM(-01-4-SH)',
'T-1S6-08-TM(-01-4-SH)',#4539,#4541,'');
#71=NEXT_ASSEMBLY_USAGE_OCCURRENCE('NAUO3','T-1S6-08-TM(-01-4-SH)2',
'T-1S6-08-TM(-01-4-SH)2',#4539,#4542,'');
#72=(
REPRESENTATION_RELATIONSHIP(' ',' ',#2826,#2825)
REPRESENTATION_RELATIONSHIP_WITH_TRANSFORMATION(#75)
SHAPE_REPRESENTATION_RELATIONSHIP()
);
#73=(
REPRESENTATION_RELATIONSHIP(' ',' ',#2827,#2825)
REPRESENTATION_RELATIONSHIP_WITH_TRANSFORMATION(#76)
SHAPE_REPRESENTATION_RELATIONSHIP()
);
#74=(
REPRESENTATION_RELATIONSHIP(' ',' ',#2828,#2825)
REPRESENTATION_RELATIONSHIP_WITH_TRANSFORMATION(#77)
SHAPE_REPRESENTATION_RELATIONSHIP()
);
#75=ITEM_DEFINED_TRANSFORMATION(' ',' ',#2829,#2876);
#76=ITEM_DEFINED_TRANSFORMATION(' ',' ',#2829,#2911);
#77=ITEM_DEFINED_TRANSFORMATION(' ',' ',#2829,#3010);
#78=SHAPE_REPRESENTATION_RELATIONSHIP('','',#2826,#81);
#79=SHAPE_REPRESENTATION_RELATIONSHIP('','',#2827,#82);
#80=SHAPE_REPRESENTATION_RELATIONSHIP('','',#2828,#83);
#81=ADVANCED_BREP_SHAPE_REPRESENTATION('',(#2818),#4519);
#82=ADVANCED_BREP_SHAPE_REPRESENTATION('',(#2819),#4520);
#83=ADVANCED_BREP_SHAPE_REPRESENTATION('',(#2820),#4521);
#84=ORIENTED_EDGE('',*,*,#860,.F.);
#85=ORIENTED_EDGE('',*,*,#861,.F.);
#86=ORIENTED_EDGE('',*,*,#862,.F.);
#87=ORIENTED_EDGE('',*,*,#863,.F.);
#88=ORIENTED_EDGE('',*,*,#864,.F.);
#89=ORIENTED_EDGE('',*,*,#865,.F.);
#90=ORIENTED_EDGE('',*,*,#866,.F.);
#91=ORIENTED_EDGE('',*,*,#867,.F.);
#92=ORIENTED_EDGE('',*,*,#868,.F.);
#93=ORIENTED_EDGE('',*,*,#869,.F.);
#94=ORIENTED_EDGE('',*,*,#870,.F.);
#95=ORIENTED_EDGE('',*,*,#871,.F.);
#96=ORIENTED_EDGE('',*,*,#872,.T.);
#97=ORIENTED_EDGE('',*,*,#873,.T.);
#98=ORIENTED_EDGE('',*,*,#874,.F.);
#99=ORIENTED_EDGE('',*,*,#875,.F.);
#100=ORIENTED_EDGE('',*,*,#876,.F.);
#101=ORIENTED_EDGE('',*,*,#877,.T.);
#102=ORIENTED_EDGE('',*,*,#878,.F.);
#103=ORIENTED_EDGE('',*,*,#879,.F.);
#104=ORIENTED_EDGE('',*,*,#880,.F.);
#105=ORIENTED_EDGE('',*,*,#881,.T.);
#106=ORIENTED_EDGE('',*,*,#882,.F.);
#107=ORIENTED_EDGE('',*,*,#883,.F.);
#108=ORIENTED_EDGE('',*,*,#884,.F.);
#109=ORIENTED_EDGE('',*,*,#885,.T.);
#110=ORIENTED_EDGE('',*,*,#886,.F.);
#111=ORIENTED_EDGE('',*,*,#887,.F.);
#112=ORIENTED_EDGE('',*,*,#888,.F.);
#113=ORIENTED_EDGE('',*,*,#889,.T.);
#114=ORIENTED_EDGE('',*,*,#890,.T.);
#115=ORIENTED_EDGE('',*,*,#891,.T.);
#116=ORIENTED_EDGE('',*,*,#892,.F.);
#117=ORIENTED_EDGE('',*,*,#893,.T.);
#118=ORIENTED_EDGE('',*,*,#894,.T.);
#119=ORIENTED_EDGE('',*,*,#895,.T.);
#120=ORIENTED_EDGE('',*,*,#896,.F.);
#121=ORIENTED_EDGE('',*,*,#897,.T.);
#122=ORIENTED_EDGE('',*,*,#898,.T.);
#123=ORIENTED_EDGE('',*,*,#899,.T.);
#124=ORIENTED_EDGE('',*,*,#900,.F.);
#125=ORIENTED_EDGE('',*,*,#901,.F.);
#126=ORIENTED_EDGE('',*,*,#902,.F.);
#127=ORIENTED_EDGE('',*,*,#903,.F.);
#128=ORIENTED_EDGE('',*,*,#871,.T.);
#129=ORIENTED_EDGE('',*,*,#904,.F.);
#130=ORIENTED_EDGE('',*,*,#905,.T.);
#131=ORIENTED_EDGE('',*,*,#906,.T.);
#132=ORIENTED_EDGE('',*,*,#907,.F.);
#133=ORIENTED_EDGE('',*,*,#908,.F.);
#134=ORIENTED_EDGE('',*,*,#909,.F.);
#135=ORIENTED_EDGE('',*,*,#910,.F.);
#136=ORIENTED_EDGE('',*,*,#911,.F.);
#137=ORIENTED_EDGE('',*,*,#887,.T.);
#138=ORIENTED_EDGE('',*,*,#912,.T.);
#139=ORIENTED_EDGE('',*,*,#913,.T.);
#140=ORIENTED_EDGE('',*,*,#914,.F.);
#141=ORIENTED_EDGE('',*,*,#915,.F.);
#142=ORIENTED_EDGE('',*,*,#916,.F.);
#143=ORIENTED_EDGE('',*,*,#917,.F.);
#144=ORIENTED_EDGE('',*,*,#863,.T.);
#145=ORIENTED_EDGE('',*,*,#918,.F.);
#146=ORIENTED_EDGE('',*,*,#919,.T.);
#147=ORIENTED_EDGE('',*,*,#920,.F.);
#148=ORIENTED_EDGE('',*,*,#921,.F.);
#149=ORIENTED_EDGE('',*,*,#922,.F.);
#150=ORIENTED_EDGE('',*,*,#923,.F.);
#151=ORIENTED_EDGE('',*,*,#924,.F.);
#152=ORIENTED_EDGE('',*,*,#867,.T.);
#153=ORIENTED_EDGE('',*,*,#925,.F.);
#154=ORIENTED_EDGE('',*,*,#926,.T.);
#155=ORIENTED_EDGE('',*,*,#927,.F.);
#156=ORIENTED_EDGE('',*,*,#928,.T.);
#157=ORIENTED_EDGE('',*,*,#929,.T.);
#158=ORIENTED_EDGE('',*,*,#930,.T.);
#159=ORIENTED_EDGE('',*,*,#931,.T.);
#160=ORIENTED_EDGE('',*,*,#932,.F.);
#161=ORIENTED_EDGE('',*,*,#873,.F.);
#162=ORIENTED_EDGE('',*,*,#933,.F.);
#163=ORIENTED_EDGE('',*,*,#934,.F.);
#164=ORIENTED_EDGE('',*,*,#935,.T.);
#165=ORIENTED_EDGE('',*,*,#936,.T.);
#166=ORIENTED_EDGE('',*,*,#937,.T.);
#167=ORIENTED_EDGE('',*,*,#938,.T.);
#168=ORIENTED_EDGE('',*,*,#877,.F.);
#169=ORIENTED_EDGE('',*,*,#939,.T.);
#170=ORIENTED_EDGE('',*,*,#940,.F.);
#171=ORIENTED_EDGE('',*,*,#941,.F.);
#172=ORIENTED_EDGE('',*,*,#942,.T.);
#173=ORIENTED_EDGE('',*,*,#943,.T.);
#174=ORIENTED_EDGE('',*,*,#944,.T.);
#175=ORIENTED_EDGE('',*,*,#945,.T.);
#176=ORIENTED_EDGE('',*,*,#881,.F.);
#177=ORIENTED_EDGE('',*,*,#946,.T.);
#178=ORIENTED_EDGE('',*,*,#947,.F.);
#179=ORIENTED_EDGE('',*,*,#948,.F.);
#180=ORIENTED_EDGE('',*,*,#949,.T.);
#181=ORIENTED_EDGE('',*,*,#950,.T.);
#182=ORIENTED_EDGE('',*,*,#951,.T.);
#183=ORIENTED_EDGE('',*,*,#952,.T.);
#184=ORIENTED_EDGE('',*,*,#885,.F.);
#185=ORIENTED_EDGE('',*,*,#953,.T.);
#186=ORIENTED_EDGE('',*,*,#954,.F.);
#187=ORIENTED_EDGE('',*,*,#955,.F.);
#188=ORIENTED_EDGE('',*,*,#956,.F.);
#189=ORIENTED_EDGE('',*,*,#934,.T.);
#190=ORIENTED_EDGE('',*,*,#957,.F.);
#191=ORIENTED_EDGE('',*,*,#905,.F.);
#192=ORIENTED_EDGE('',*,*,#958,.F.);
#193=ORIENTED_EDGE('',*,*,#926,.F.);
#194=ORIENTED_EDGE('',*,*,#959,.F.);
#195=ORIENTED_EDGE('',*,*,#940,.T.);
#196=ORIENTED_EDGE('',*,*,#960,.F.);
#197=ORIENTED_EDGE('',*,*,#919,.F.);
#198=ORIENTED_EDGE('',*,*,#961,.F.);
#199=ORIENTED_EDGE('',*,*,#947,.T.);
#200=ORIENTED_EDGE('',*,*,#962,.F.);
#201=ORIENTED_EDGE('',*,*,#913,.F.);
#202=ORIENTED_EDGE('',*,*,#963,.T.);
#203=ORIENTED_EDGE('',*,*,#954,.T.);
#204=ORIENTED_EDGE('',*,*,#933,.T.);
#205=ORIENTED_EDGE('',*,*,#872,.F.);
#206=ORIENTED_EDGE('',*,*,#906,.F.);
#207=ORIENTED_EDGE('',*,*,#957,.T.);
#208=ORIENTED_EDGE('',*,*,#949,.F.);
#209=ORIENTED_EDGE('',*,*,#964,.F.);
#210=ORIENTED_EDGE('',*,*,#907,.T.);
#211=ORIENTED_EDGE('',*,*,#965,.T.);
#212=ORIENTED_EDGE('',*,*,#952,.F.);
#213=ORIENTED_EDGE('',*,*,#966,.F.);
#214=ORIENTED_EDGE('',*,*,#908,.T.);
#215=ORIENTED_EDGE('',*,*,#964,.T.);
#216=ORIENTED_EDGE('',*,*,#951,.F.);
#217=ORIENTED_EDGE('',*,*,#967,.F.);
#218=ORIENTED_EDGE('',*,*,#909,.T.);
#219=ORIENTED_EDGE('',*,*,#966,.T.);
#220=ORIENTED_EDGE('',*,*,#942,.F.);
#221=ORIENTED_EDGE('',*,*,#968,.F.);
#222=ORIENTED_EDGE('',*,*,#914,.T.);
#223=ORIENTED_EDGE('',*,*,#969,.T.);
#224=ORIENTED_EDGE('',*,*,#945,.F.);
#225=ORIENTED_EDGE('',*,*,#970,.F.);
#226=ORIENTED_EDGE('',*,*,#915,.T.);
#227=ORIENTED_EDGE('',*,*,#968,.T.);
#228=ORIENTED_EDGE('',*,*,#944,.F.);
#229=ORIENTED_EDGE('',*,*,#971,.F.);
#230=ORIENTED_EDGE('',*,*,#916,.T.);
#231=ORIENTED_EDGE('',*,*,#970,.T.);
#232=ORIENTED_EDGE('',*,*,#935,.F.);
#233=ORIENTED_EDGE('',*,*,#972,.F.);
#234=ORIENTED_EDGE('',*,*,#921,.T.);
#235=ORIENTED_EDGE('',*,*,#973,.T.);
#236=ORIENTED_EDGE('',*,*,#938,.F.);
#237=ORIENTED_EDGE('',*,*,#974,.F.);
#238=ORIENTED_EDGE('',*,*,#922,.T.);
#239=ORIENTED_EDGE('',*,*,#972,.T.);
#240=ORIENTED_EDGE('',*,*,#937,.F.);
#241=ORIENTED_EDGE('',*,*,#975,.F.);
#242=ORIENTED_EDGE('',*,*,#923,.T.);
#243=ORIENTED_EDGE('',*,*,#974,.T.);
#244=ORIENTED_EDGE('',*,*,#928,.F.);
#245=ORIENTED_EDGE('',*,*,#976,.F.);
#246=ORIENTED_EDGE('',*,*,#900,.T.);
#247=ORIENTED_EDGE('',*,*,#977,.T.);
#248=ORIENTED_EDGE('',*,*,#931,.F.);
#249=ORIENTED_EDGE('',*,*,#978,.F.);
#250=ORIENTED_EDGE('',*,*,#901,.T.);
#251=ORIENTED_EDGE('',*,*,#976,.T.);
#252=ORIENTED_EDGE('',*,*,#930,.F.);
#253=ORIENTED_EDGE('',*,*,#979,.F.);
#254=ORIENTED_EDGE('',*,*,#902,.T.);
#255=ORIENTED_EDGE('',*,*,#978,.T.);
#256=ORIENTED_EDGE('',*,*,#950,.F.);
#257=ORIENTED_EDGE('',*,*,#965,.F.);
#258=ORIENTED_EDGE('',*,*,#910,.T.);
#259=ORIENTED_EDGE('',*,*,#967,.T.);
#260=ORIENTED_EDGE('',*,*,#943,.F.);
#261=ORIENTED_EDGE('',*,*,#969,.F.);
#262=ORIENTED_EDGE('',*,*,#917,.T.);
#263=ORIENTED_EDGE('',*,*,#971,.T.);
#264=ORIENTED_EDGE('',*,*,#936,.F.);
#265=ORIENTED_EDGE('',*,*,#973,.F.);
#266=ORIENTED_EDGE('',*,*,#924,.T.);
#267=ORIENTED_EDGE('',*,*,#975,.T.);
#268=ORIENTED_EDGE('',*,*,#929,.F.);
#269=ORIENTED_EDGE('',*,*,#977,.F.);
#270=ORIENTED_EDGE('',*,*,#903,.T.);
#271=ORIENTED_EDGE('',*,*,#979,.T.);
#272=ORIENTED_EDGE('',*,*,#955,.T.);
#273=ORIENTED_EDGE('',*,*,#963,.F.);
#274=ORIENTED_EDGE('',*,*,#912,.F.);
#275=ORIENTED_EDGE('',*,*,#886,.T.);
#276=ORIENTED_EDGE('',*,*,#962,.T.);
#277=ORIENTED_EDGE('',*,*,#953,.F.);
#278=ORIENTED_EDGE('',*,*,#884,.T.);
#279=ORIENTED_EDGE('',*,*,#980,.F.);
#280=ORIENTED_EDGE('',*,*,#890,.F.);
#281=ORIENTED_EDGE('',*,*,#981,.T.);
#282=ORIENTED_EDGE('',*,*,#860,.T.);
#283=ORIENTED_EDGE('',*,*,#911,.T.);
#284=ORIENTED_EDGE('',*,*,#918,.T.);
#285=ORIENTED_EDGE('',*,*,#862,.T.);
#286=ORIENTED_EDGE('',*,*,#982,.F.);
#287=ORIENTED_EDGE('',*,*,#888,.T.);
#288=ORIENTED_EDGE('',*,*,#983,.T.);
#289=ORIENTED_EDGE('',*,*,#882,.T.);
#290=ORIENTED_EDGE('',*,*,#948,.T.);
#291=ORIENTED_EDGE('',*,*,#961,.T.);
#292=ORIENTED_EDGE('',*,*,#960,.T.);
#293=ORIENTED_EDGE('',*,*,#946,.F.);
#294=ORIENTED_EDGE('',*,*,#880,.T.);
#295=ORIENTED_EDGE('',*,*,#984,.F.);
#296=ORIENTED_EDGE('',*,*,#894,.F.);
#297=ORIENTED_EDGE('',*,*,#985,.T.);
#298=ORIENTED_EDGE('',*,*,#864,.T.);
#299=ORIENTED_EDGE('',*,*,#920,.T.);
#300=ORIENTED_EDGE('',*,*,#925,.T.);
#301=ORIENTED_EDGE('',*,*,#866,.T.);
#302=ORIENTED_EDGE('',*,*,#986,.F.);
#303=ORIENTED_EDGE('',*,*,#892,.T.);
#304=ORIENTED_EDGE('',*,*,#987,.T.);
#305=ORIENTED_EDGE('',*,*,#878,.T.);
#306=ORIENTED_EDGE('',*,*,#941,.T.);
#307=ORIENTED_EDGE('',*,*,#959,.T.);
#308=ORIENTED_EDGE('',*,*,#904,.T.);
#309=ORIENTED_EDGE('',*,*,#870,.T.);
#310=ORIENTED_EDGE('',*,*,#988,.F.);
#311=ORIENTED_EDGE('',*,*,#896,.T.);
#312=ORIENTED_EDGE('',*,*,#989,.T.);
#313=ORIENTED_EDGE('',*,*,#874,.T.);
#314=ORIENTED_EDGE('',*,*,#932,.T.);
#315=ORIENTED_EDGE('',*,*,#956,.T.);
#316=ORIENTED_EDGE('',*,*,#958,.T.);
#317=ORIENTED_EDGE('',*,*,#939,.F.);
#318=ORIENTED_EDGE('',*,*,#876,.T.);
#319=ORIENTED_EDGE('',*,*,#990,.F.);
#320=ORIENTED_EDGE('',*,*,#898,.F.);
#321=ORIENTED_EDGE('',*,*,#991,.T.);
#322=ORIENTED_EDGE('',*,*,#868,.T.);
#323=ORIENTED_EDGE('',*,*,#927,.T.);
#324=ORIENTED_EDGE('',*,*,#875,.T.);
#325=ORIENTED_EDGE('',*,*,#989,.F.);
#326=ORIENTED_EDGE('',*,*,#899,.F.);
#327=ORIENTED_EDGE('',*,*,#990,.T.);
#328=ORIENTED_EDGE('',*,*,#879,.T.);
#329=ORIENTED_EDGE('',*,*,#987,.F.);
#330=ORIENTED_EDGE('',*,*,#895,.F.);
#331=ORIENTED_EDGE('',*,*,#984,.T.);
#332=ORIENTED_EDGE('',*,*,#883,.T.);
#333=ORIENTED_EDGE('',*,*,#983,.F.);
#334=ORIENTED_EDGE('',*,*,#891,.F.);
#335=ORIENTED_EDGE('',*,*,#980,.T.);
#336=ORIENTED_EDGE('',*,*,#869,.T.);
#337=ORIENTED_EDGE('',*,*,#991,.F.);
#338=ORIENTED_EDGE('',*,*,#897,.F.);
#339=ORIENTED_EDGE('',*,*,#988,.T.);
#340=ORIENTED_EDGE('',*,*,#865,.T.);
#341=ORIENTED_EDGE('',*,*,#985,.F.);
#342=ORIENTED_EDGE('',*,*,#893,.F.);
#343=ORIENTED_EDGE('',*,*,#986,.T.);
#344=ORIENTED_EDGE('',*,*,#861,.T.);
#345=ORIENTED_EDGE('',*,*,#981,.F.);
#346=ORIENTED_EDGE('',*,*,#889,.F.);
#347=ORIENTED_EDGE('',*,*,#982,.T.);
#348=ORIENTED_EDGE('',*,*,#992,.F.);
#349=ORIENTED_EDGE('',*,*,#993,.T.);
#350=ORIENTED_EDGE('',*,*,#994,.F.);
#351=ORIENTED_EDGE('',*,*,#995,.T.);
#352=ORIENTED_EDGE('',*,*,#996,.T.);
#353=ORIENTED_EDGE('',*,*,#997,.T.);
#354=ORIENTED_EDGE('',*,*,#998,.F.);
#355=ORIENTED_EDGE('',*,*,#999,.T.);
#356=ORIENTED_EDGE('',*,*,#1000,.T.);
#357=ORIENTED_EDGE('',*,*,#1001,.T.);
#358=ORIENTED_EDGE('',*,*,#1002,.F.);
#359=ORIENTED_EDGE('',*,*,#1003,.T.);
#360=ORIENTED_EDGE('',*,*,#1004,.T.);
#361=ORIENTED_EDGE('',*,*,#1005,.T.);
#362=ORIENTED_EDGE('',*,*,#1006,.F.);
#363=ORIENTED_EDGE('',*,*,#1007,.F.);
#364=ORIENTED_EDGE('',*,*,#1008,.F.);
#365=ORIENTED_EDGE('',*,*,#1009,.F.);
#366=ORIENTED_EDGE('',*,*,#1010,.T.);
#367=ORIENTED_EDGE('',*,*,#1011,.T.);
#368=ORIENTED_EDGE('',*,*,#1012,.T.);
#369=ORIENTED_EDGE('',*,*,#1013,.T.);
#370=ORIENTED_EDGE('',*,*,#1014,.T.);
#371=ORIENTED_EDGE('',*,*,#1015,.T.);
#372=ORIENTED_EDGE('',*,*,#1016,.T.);
#373=ORIENTED_EDGE('',*,*,#1017,.T.);
#374=ORIENTED_EDGE('',*,*,#1018,.T.);
#375=ORIENTED_EDGE('',*,*,#1019,.T.);
#376=ORIENTED_EDGE('',*,*,#1020,.T.);
#377=ORIENTED_EDGE('',*,*,#1021,.T.);
#378=ORIENTED_EDGE('',*,*,#1022,.T.);
#379=ORIENTED_EDGE('',*,*,#1023,.T.);
#380=ORIENTED_EDGE('',*,*,#1009,.T.);
#381=ORIENTED_EDGE('',*,*,#1024,.T.);
#382=ORIENTED_EDGE('',*,*,#1007,.T.);
#383=ORIENTED_EDGE('',*,*,#1025,.T.);
#384=ORIENTED_EDGE('',*,*,#1026,.F.);
#385=ORIENTED_EDGE('',*,*,#1023,.F.);
#386=ORIENTED_EDGE('',*,*,#1027,.F.);
#387=ORIENTED_EDGE('',*,*,#993,.F.);
#388=ORIENTED_EDGE('',*,*,#1028,.F.);
#389=ORIENTED_EDGE('',*,*,#1021,.F.);
#390=ORIENTED_EDGE('',*,*,#1029,.F.);
#391=ORIENTED_EDGE('',*,*,#995,.F.);
#392=ORIENTED_EDGE('',*,*,#1029,.T.);
#393=ORIENTED_EDGE('',*,*,#1020,.F.);
#394=ORIENTED_EDGE('',*,*,#1030,.F.);
#395=ORIENTED_EDGE('',*,*,#996,.F.);
#396=ORIENTED_EDGE('',*,*,#1030,.T.);
#397=ORIENTED_EDGE('',*,*,#1019,.F.);
#398=ORIENTED_EDGE('',*,*,#1031,.F.);
#399=ORIENTED_EDGE('',*,*,#997,.F.);
#400=ORIENTED_EDGE('',*,*,#1032,.F.);
#401=ORIENTED_EDGE('',*,*,#1013,.F.);
#402=ORIENTED_EDGE('',*,*,#1033,.F.);
#403=ORIENTED_EDGE('',*,*,#1003,.F.);
#404=ORIENTED_EDGE('',*,*,#1033,.T.);
#405=ORIENTED_EDGE('',*,*,#1012,.F.);
#406=ORIENTED_EDGE('',*,*,#1034,.F.);
#407=ORIENTED_EDGE('',*,*,#1004,.F.);
#408=ORIENTED_EDGE('',*,*,#1034,.T.);
#409=ORIENTED_EDGE('',*,*,#1011,.F.);
#410=ORIENTED_EDGE('',*,*,#1035,.F.);
#411=ORIENTED_EDGE('',*,*,#1005,.F.);
#412=ORIENTED_EDGE('',*,*,#1036,.F.);
#413=ORIENTED_EDGE('',*,*,#1017,.F.);
#414=ORIENTED_EDGE('',*,*,#1037,.F.);
#415=ORIENTED_EDGE('',*,*,#999,.F.);
#416=ORIENTED_EDGE('',*,*,#1037,.T.);
#417=ORIENTED_EDGE('',*,*,#1016,.F.);
#418=ORIENTED_EDGE('',*,*,#1038,.F.);
#419=ORIENTED_EDGE('',*,*,#1000,.F.);
#420=ORIENTED_EDGE('',*,*,#1038,.T.);
#421=ORIENTED_EDGE('',*,*,#1015,.F.);
#422=ORIENTED_EDGE('',*,*,#1039,.F.);
#423=ORIENTED_EDGE('',*,*,#1001,.F.);
#424=ORIENTED_EDGE('',*,*,#1027,.T.);
#425=ORIENTED_EDGE('',*,*,#1040,.F.);
#426=ORIENTED_EDGE('',*,*,#1041,.F.);
#427=ORIENTED_EDGE('',*,*,#1042,.T.);
#428=ORIENTED_EDGE('',*,*,#1022,.F.);
#429=ORIENTED_EDGE('',*,*,#1043,.F.);
#430=ORIENTED_EDGE('',*,*,#1044,.F.);
#431=ORIENTED_EDGE('',*,*,#1040,.T.);
#432=ORIENTED_EDGE('',*,*,#1028,.T.);
#433=ORIENTED_EDGE('',*,*,#1045,.F.);
#434=ORIENTED_EDGE('',*,*,#1046,.F.);
#435=ORIENTED_EDGE('',*,*,#1043,.T.);
#436=ORIENTED_EDGE('',*,*,#994,.T.);
#437=ORIENTED_EDGE('',*,*,#1042,.F.);
#438=ORIENTED_EDGE('',*,*,#1047,.F.);
#439=ORIENTED_EDGE('',*,*,#1045,.T.);
#440=ORIENTED_EDGE('',*,*,#1041,.T.);
#441=ORIENTED_EDGE('',*,*,#1044,.T.);
#442=ORIENTED_EDGE('',*,*,#1046,.T.);
#443=ORIENTED_EDGE('',*,*,#1047,.T.);
#444=ORIENTED_EDGE('',*,*,#1039,.T.);
#445=ORIENTED_EDGE('',*,*,#1048,.F.);
#446=ORIENTED_EDGE('',*,*,#1049,.F.);
#447=ORIENTED_EDGE('',*,*,#1050,.T.);
#448=ORIENTED_EDGE('',*,*,#1014,.F.);
#449=ORIENTED_EDGE('',*,*,#1051,.F.);
#450=ORIENTED_EDGE('',*,*,#1052,.F.);
#451=ORIENTED_EDGE('',*,*,#1048,.T.);
#452=ORIENTED_EDGE('',*,*,#1032,.T.);
#453=ORIENTED_EDGE('',*,*,#1053,.F.);
#454=ORIENTED_EDGE('',*,*,#1054,.F.);
#455=ORIENTED_EDGE('',*,*,#1051,.T.);
#456=ORIENTED_EDGE('',*,*,#1002,.T.);
#457=ORIENTED_EDGE('',*,*,#1050,.F.);
#458=ORIENTED_EDGE('',*,*,#1055,.F.);
#459=ORIENTED_EDGE('',*,*,#1053,.T.);
#460=ORIENTED_EDGE('',*,*,#1049,.T.);
#461=ORIENTED_EDGE('',*,*,#1052,.T.);
#462=ORIENTED_EDGE('',*,*,#1054,.T.);
#463=ORIENTED_EDGE('',*,*,#1055,.T.);
#464=ORIENTED_EDGE('',*,*,#1031,.T.);
#465=ORIENTED_EDGE('',*,*,#1056,.F.);
#466=ORIENTED_EDGE('',*,*,#1057,.F.);
#467=ORIENTED_EDGE('',*,*,#1058,.T.);
#468=ORIENTED_EDGE('',*,*,#1018,.F.);
#469=ORIENTED_EDGE('',*,*,#1059,.F.);
#470=ORIENTED_EDGE('',*,*,#1060,.F.);
#471=ORIENTED_EDGE('',*,*,#1056,.T.);
#472=ORIENTED_EDGE('',*,*,#1036,.T.);
#473=ORIENTED_EDGE('',*,*,#1061,.F.);
#474=ORIENTED_EDGE('',*,*,#1062,.F.);
#475=ORIENTED_EDGE('',*,*,#1059,.T.);
#476=ORIENTED_EDGE('',*,*,#998,.T.);
#477=ORIENTED_EDGE('',*,*,#1058,.F.);
#478=ORIENTED_EDGE('',*,*,#1063,.F.);
#479=ORIENTED_EDGE('',*,*,#1061,.T.);
#480=ORIENTED_EDGE('',*,*,#1057,.T.);
#481=ORIENTED_EDGE('',*,*,#1060,.T.);
#482=ORIENTED_EDGE('',*,*,#1062,.T.);
#483=ORIENTED_EDGE('',*,*,#1063,.T.);
#484=ORIENTED_EDGE('',*,*,#1035,.T.);
#485=ORIENTED_EDGE('',*,*,#1064,.F.);
#486=ORIENTED_EDGE('',*,*,#1065,.F.);
#487=ORIENTED_EDGE('',*,*,#1066,.T.);
#488=ORIENTED_EDGE('',*,*,#1010,.F.);
#489=ORIENTED_EDGE('',*,*,#1067,.F.);
#490=ORIENTED_EDGE('',*,*,#1068,.F.);
#491=ORIENTED_EDGE('',*,*,#1064,.T.);
#492=ORIENTED_EDGE('',*,*,#1025,.F.);
#493=ORIENTED_EDGE('',*,*,#1069,.F.);
#494=ORIENTED_EDGE('',*,*,#1070,.F.);
#495=ORIENTED_EDGE('',*,*,#1067,.T.);
#496=ORIENTED_EDGE('',*,*,#1006,.T.);
#497=ORIENTED_EDGE('',*,*,#1066,.F.);
#498=ORIENTED_EDGE('',*,*,#1071,.F.);
#499=ORIENTED_EDGE('',*,*,#1069,.T.);
#500=ORIENTED_EDGE('',*,*,#1065,.T.);
#501=ORIENTED_EDGE('',*,*,#1068,.T.);
#502=ORIENTED_EDGE('',*,*,#1070,.T.);
#503=ORIENTED_EDGE('',*,*,#1071,.T.);
#504=ORIENTED_EDGE('',*,*,#1008,.T.);
#505=ORIENTED_EDGE('',*,*,#1026,.T.);
#506=ORIENTED_EDGE('',*,*,#992,.T.);
#507=ORIENTED_EDGE('',*,*,#1024,.F.);
#508=ORIENTED_EDGE('',*,*,#1072,.F.);
#509=ORIENTED_EDGE('',*,*,#1073,.F.);
#510=ORIENTED_EDGE('',*,*,#1074,.T.);
#511=ORIENTED_EDGE('',*,*,#1075,.T.);
#512=ORIENTED_EDGE('',*,*,#1076,.T.);
#513=ORIENTED_EDGE('',*,*,#1077,.T.);
#514=ORIENTED_EDGE('',*,*,#1078,.T.);
#515=ORIENTED_EDGE('',*,*,#1079,.T.);
#516=ORIENTED_EDGE('',*,*,#1080,.T.);
#517=ORIENTED_EDGE('',*,*,#1081,.T.);
#518=ORIENTED_EDGE('',*,*,#1082,.T.);
#519=ORIENTED_EDGE('',*,*,#1083,.T.);
#520=ORIENTED_EDGE('',*,*,#1084,.T.);
#521=ORIENTED_EDGE('',*,*,#1085,.T.);
#522=ORIENTED_EDGE('',*,*,#1086,.T.);
#523=ORIENTED_EDGE('',*,*,#1087,.T.);
#524=ORIENTED_EDGE('',*,*,#1088,.F.);
#525=ORIENTED_EDGE('',*,*,#1089,.T.);
#526=ORIENTED_EDGE('',*,*,#1090,.F.);
#527=ORIENTED_EDGE('',*,*,#1091,.T.);
#528=ORIENTED_EDGE('',*,*,#1092,.T.);
#529=ORIENTED_EDGE('',*,*,#1093,.T.);
#530=ORIENTED_EDGE('',*,*,#1094,.F.);
#531=ORIENTED_EDGE('',*,*,#1095,.T.);
#532=ORIENTED_EDGE('',*,*,#1096,.T.);
#533=ORIENTED_EDGE('',*,*,#1097,.T.);
#534=ORIENTED_EDGE('',*,*,#1098,.F.);
#535=ORIENTED_EDGE('',*,*,#1099,.T.);
#536=ORIENTED_EDGE('',*,*,#1100,.T.);
#537=ORIENTED_EDGE('',*,*,#1101,.T.);
#538=ORIENTED_EDGE('',*,*,#1102,.F.);
#539=ORIENTED_EDGE('',*,*,#1103,.F.);
#540=ORIENTED_EDGE('',*,*,#1073,.T.);
#541=ORIENTED_EDGE('',*,*,#1104,.T.);
#542=ORIENTED_EDGE('',*,*,#1103,.T.);
#543=ORIENTED_EDGE('',*,*,#1105,.F.);
#544=ORIENTED_EDGE('',*,*,#1106,.T.);
#545=ORIENTED_EDGE('',*,*,#1107,.T.);
#546=ORIENTED_EDGE('',*,*,#1108,.T.);
#547=ORIENTED_EDGE('',*,*,#1109,.T.);
#548=ORIENTED_EDGE('',*,*,#1110,.T.);
#549=ORIENTED_EDGE('',*,*,#1111,.F.);
#550=ORIENTED_EDGE('',*,*,#1112,.T.);
#551=ORIENTED_EDGE('',*,*,#1113,.T.);
#552=ORIENTED_EDGE('',*,*,#1114,.F.);
#553=ORIENTED_EDGE('',*,*,#1087,.F.);
#554=ORIENTED_EDGE('',*,*,#1115,.F.);
#555=ORIENTED_EDGE('',*,*,#1116,.F.);
#556=ORIENTED_EDGE('',*,*,#1117,.T.);
#557=ORIENTED_EDGE('',*,*,#1118,.F.);
#558=ORIENTED_EDGE('',*,*,#1119,.F.);
#559=ORIENTED_EDGE('',*,*,#1120,.F.);
#560=ORIENTED_EDGE('',*,*,#1121,.F.);
#561=ORIENTED_EDGE('',*,*,#1122,.F.);
#562=ORIENTED_EDGE('',*,*,#1123,.T.);
#563=ORIENTED_EDGE('',*,*,#1089,.F.);
#564=ORIENTED_EDGE('',*,*,#1124,.F.);
#565=ORIENTED_EDGE('',*,*,#1125,.F.);
#566=ORIENTED_EDGE('',*,*,#1126,.T.);
#567=ORIENTED_EDGE('',*,*,#1127,.F.);
#568=ORIENTED_EDGE('',*,*,#1128,.T.);
#569=ORIENTED_EDGE('',*,*,#1129,.F.);
#570=ORIENTED_EDGE('',*,*,#1130,.F.);
#571=ORIENTED_EDGE('',*,*,#1131,.F.);
#572=ORIENTED_EDGE('',*,*,#1132,.F.);
#573=ORIENTED_EDGE('',*,*,#1133,.T.);
#574=ORIENTED_EDGE('',*,*,#1134,.T.);
#575=ORIENTED_EDGE('',*,*,#1135,.T.);
#576=ORIENTED_EDGE('',*,*,#1136,.T.);
#577=ORIENTED_EDGE('',*,*,#1137,.T.);
#578=ORIENTED_EDGE('',*,*,#1138,.F.);
#579=ORIENTED_EDGE('',*,*,#1139,.T.);
#580=ORIENTED_EDGE('',*,*,#1140,.F.);
#581=ORIENTED_EDGE('',*,*,#1132,.T.);
#582=ORIENTED_EDGE('',*,*,#1141,.F.);
#583=ORIENTED_EDGE('',*,*,#1142,.F.);
#584=ORIENTED_EDGE('',*,*,#1143,.F.);
#585=ORIENTED_EDGE('',*,*,#1144,.F.);
#586=ORIENTED_EDGE('',*,*,#1145,.F.);
#587=ORIENTED_EDGE('',*,*,#1138,.T.);
#588=ORIENTED_EDGE('',*,*,#1146,.F.);
#589=ORIENTED_EDGE('',*,*,#1147,.T.);
#590=ORIENTED_EDGE('',*,*,#1142,.T.);
#591=ORIENTED_EDGE('',*,*,#1148,.T.);
#592=ORIENTED_EDGE('',*,*,#1144,.T.);
#593=ORIENTED_EDGE('',*,*,#1149,.T.);
#594=ORIENTED_EDGE('',*,*,#1150,.F.);
#595=ORIENTED_EDGE('',*,*,#1151,.T.);
#596=ORIENTED_EDGE('',*,*,#1082,.F.);
#597=ORIENTED_EDGE('',*,*,#1152,.T.);
#598=ORIENTED_EDGE('',*,*,#1146,.T.);
#599=ORIENTED_EDGE('',*,*,#1153,.T.);
#600=ORIENTED_EDGE('',*,*,#1150,.T.);
#601=ORIENTED_EDGE('',*,*,#1154,.T.);
#602=ORIENTED_EDGE('',*,*,#1078,.F.);
#603=ORIENTED_EDGE('',*,*,#1155,.T.);
#604=ORIENTED_EDGE('',*,*,#1156,.F.);
#605=ORIENTED_EDGE('',*,*,#1094,.T.);
#606=ORIENTED_EDGE('',*,*,#1157,.F.);
#607=ORIENTED_EDGE('',*,*,#1158,.F.);
#608=ORIENTED_EDGE('',*,*,#1159,.F.);
#609=ORIENTED_EDGE('',*,*,#1160,.F.);
#610=ORIENTED_EDGE('',*,*,#1161,.F.);
#611=ORIENTED_EDGE('',*,*,#1098,.T.);
#612=ORIENTED_EDGE('',*,*,#1162,.F.);
#613=ORIENTED_EDGE('',*,*,#1163,.T.);
#614=ORIENTED_EDGE('',*,*,#1158,.T.);
#615=ORIENTED_EDGE('',*,*,#1164,.T.);
#616=ORIENTED_EDGE('',*,*,#1160,.T.);
#617=ORIENTED_EDGE('',*,*,#1165,.T.);
#618=ORIENTED_EDGE('',*,*,#1166,.F.);
#619=ORIENTED_EDGE('',*,*,#1167,.T.);
#620=ORIENTED_EDGE('',*,*,#1126,.F.);
#621=ORIENTED_EDGE('',*,*,#1168,.T.);
#622=ORIENTED_EDGE('',*,*,#1162,.T.);
#623=ORIENTED_EDGE('',*,*,#1169,.T.);
#624=ORIENTED_EDGE('',*,*,#1166,.T.);
#625=ORIENTED_EDGE('',*,*,#1170,.T.);
#626=ORIENTED_EDGE('',*,*,#1128,.F.);
#627=ORIENTED_EDGE('',*,*,#1171,.T.);
#628=ORIENTED_EDGE('',*,*,#1172,.F.);
#629=ORIENTED_EDGE('',*,*,#1173,.F.);
#630=ORIENTED_EDGE('',*,*,#1174,.T.);
#631=ORIENTED_EDGE('',*,*,#1120,.T.);
#632=ORIENTED_EDGE('',*,*,#1175,.F.);
#633=ORIENTED_EDGE('',*,*,#1176,.T.);
#634=ORIENTED_EDGE('',*,*,#1177,.T.);
#635=ORIENTED_EDGE('',*,*,#1118,.T.);
#636=ORIENTED_EDGE('',*,*,#1178,.F.);
#637=ORIENTED_EDGE('',*,*,#1175,.T.);
#638=ORIENTED_EDGE('',*,*,#1117,.F.);
#639=ORIENTED_EDGE('',*,*,#1179,.F.);
#640=ORIENTED_EDGE('',*,*,#1180,.F.);
#641=ORIENTED_EDGE('',*,*,#1181,.T.);
#642=ORIENTED_EDGE('',*,*,#1179,.T.);
#643=ORIENTED_EDGE('',*,*,#1116,.T.);
#644=ORIENTED_EDGE('',*,*,#1086,.F.);
#645=ORIENTED_EDGE('',*,*,#1182,.T.);
#646=ORIENTED_EDGE('',*,*,#1180,.T.);
#647=ORIENTED_EDGE('',*,*,#1115,.T.);
#648=ORIENTED_EDGE('',*,*,#1183,.F.);
#649=ORIENTED_EDGE('',*,*,#1090,.T.);
#650=ORIENTED_EDGE('',*,*,#1123,.F.);
#651=ORIENTED_EDGE('',*,*,#1184,.F.);
#652=ORIENTED_EDGE('',*,*,#1185,.F.);
#653=ORIENTED_EDGE('',*,*,#1186,.T.);
#654=ORIENTED_EDGE('',*,*,#1184,.T.);
#655=ORIENTED_EDGE('',*,*,#1122,.T.);
#656=ORIENTED_EDGE('',*,*,#1174,.F.);
#657=ORIENTED_EDGE('',*,*,#1187,.T.);
#658=ORIENTED_EDGE('',*,*,#1185,.T.);
#659=ORIENTED_EDGE('',*,*,#1121,.T.);
#660=ORIENTED_EDGE('',*,*,#1188,.T.);
#661=ORIENTED_EDGE('',*,*,#1189,.F.);
#662=ORIENTED_EDGE('',*,*,#1190,.F.);
#663=ORIENTED_EDGE('',*,*,#1108,.F.);
#664=ORIENTED_EDGE('',*,*,#1191,.T.);
#665=ORIENTED_EDGE('',*,*,#1192,.T.);
#666=ORIENTED_EDGE('',*,*,#1193,.F.);
#667=ORIENTED_EDGE('',*,*,#1110,.F.);
#668=ORIENTED_EDGE('',*,*,#1194,.F.);
#669=ORIENTED_EDGE('',*,*,#1195,.F.);
#670=ORIENTED_EDGE('',*,*,#1111,.T.);
#671=ORIENTED_EDGE('',*,*,#1193,.T.);
#672=ORIENTED_EDGE('',*,*,#1195,.T.);
#673=ORIENTED_EDGE('',*,*,#1196,.T.);
#674=ORIENTED_EDGE('',*,*,#1197,.F.);
#675=ORIENTED_EDGE('',*,*,#1112,.F.);
#676=ORIENTED_EDGE('',*,*,#1197,.T.);
#677=ORIENTED_EDGE('',*,*,#1198,.T.);
#678=ORIENTED_EDGE('',*,*,#1074,.F.);
#679=ORIENTED_EDGE('',*,*,#1113,.F.);
#680=ORIENTED_EDGE('',*,*,#1199,.F.);
#681=ORIENTED_EDGE('',*,*,#1200,.F.);
#682=ORIENTED_EDGE('',*,*,#1105,.T.);
#683=ORIENTED_EDGE('',*,*,#1102,.T.);
#684=ORIENTED_EDGE('',*,*,#1200,.T.);
#685=ORIENTED_EDGE('',*,*,#1201,.T.);
#686=ORIENTED_EDGE('',*,*,#1202,.F.);
#687=ORIENTED_EDGE('',*,*,#1106,.F.);
#688=ORIENTED_EDGE('',*,*,#1202,.T.);
#689=ORIENTED_EDGE('',*,*,#1203,.T.);
#690=ORIENTED_EDGE('',*,*,#1188,.F.);
#691=ORIENTED_EDGE('',*,*,#1107,.F.);
#692=ORIENTED_EDGE('',*,*,#1204,.T.);
#693=ORIENTED_EDGE('',*,*,#1092,.F.);
#694=ORIENTED_EDGE('',*,*,#1205,.F.);
#695=ORIENTED_EDGE('',*,*,#1084,.F.);
#696=ORIENTED_EDGE('',*,*,#1176,.F.);
#697=ORIENTED_EDGE('',*,*,#1178,.T.);
#698=ORIENTED_EDGE('',*,*,#1181,.F.);
#699=ORIENTED_EDGE('',*,*,#1182,.F.);
#700=ORIENTED_EDGE('',*,*,#1085,.F.);
#701=ORIENTED_EDGE('',*,*,#1205,.T.);
#702=ORIENTED_EDGE('',*,*,#1091,.F.);
#703=ORIENTED_EDGE('',*,*,#1183,.T.);
#704=ORIENTED_EDGE('',*,*,#1186,.F.);
#705=ORIENTED_EDGE('',*,*,#1187,.F.);
#706=ORIENTED_EDGE('',*,*,#1173,.T.);
#707=ORIENTED_EDGE('',*,*,#1206,.F.);
#708=ORIENTED_EDGE('',*,*,#1127,.T.);
#709=ORIENTED_EDGE('',*,*,#1169,.F.);
#710=ORIENTED_EDGE('',*,*,#1164,.F.);
#711=ORIENTED_EDGE('',*,*,#1157,.T.);
#712=ORIENTED_EDGE('',*,*,#1093,.F.);
#713=ORIENTED_EDGE('',*,*,#1204,.F.);
#714=ORIENTED_EDGE('',*,*,#1083,.F.);
#715=ORIENTED_EDGE('',*,*,#1153,.F.);
#716=ORIENTED_EDGE('',*,*,#1148,.F.);
#717=ORIENTED_EDGE('',*,*,#1141,.T.);
#718=ORIENTED_EDGE('',*,*,#1135,.F.);
#719=ORIENTED_EDGE('',*,*,#1207,.F.);
#720=ORIENTED_EDGE('',*,*,#1208,.T.);
#721=ORIENTED_EDGE('',*,*,#1100,.F.);
#722=ORIENTED_EDGE('',*,*,#1209,.F.);
#723=ORIENTED_EDGE('',*,*,#1076,.F.);
#724=ORIENTED_EDGE('',*,*,#1139,.F.);
#725=ORIENTED_EDGE('',*,*,#1145,.T.);
#726=ORIENTED_EDGE('',*,*,#1151,.F.);
#727=ORIENTED_EDGE('',*,*,#1155,.F.);
#728=ORIENTED_EDGE('',*,*,#1077,.F.);
#729=ORIENTED_EDGE('',*,*,#1209,.T.);
#730=ORIENTED_EDGE('',*,*,#1099,.F.);
#731=ORIENTED_EDGE('',*,*,#1161,.T.);
#732=ORIENTED_EDGE('',*,*,#1167,.F.);
#733=ORIENTED_EDGE('',*,*,#1171,.F.);
#734=ORIENTED_EDGE('',*,*,#1131,.T.);
#735=ORIENTED_EDGE('',*,*,#1210,.F.);
#736=ORIENTED_EDGE('',*,*,#1189,.T.);
#737=ORIENTED_EDGE('',*,*,#1203,.F.);
#738=ORIENTED_EDGE('',*,*,#1201,.F.);
#739=ORIENTED_EDGE('',*,*,#1199,.T.);
#740=ORIENTED_EDGE('',*,*,#1101,.F.);
#741=ORIENTED_EDGE('',*,*,#1208,.F.);
#742=ORIENTED_EDGE('',*,*,#1075,.F.);
#743=ORIENTED_EDGE('',*,*,#1198,.F.);
#744=ORIENTED_EDGE('',*,*,#1196,.F.);
#745=ORIENTED_EDGE('',*,*,#1194,.T.);
#746=ORIENTED_EDGE('',*,*,#1192,.F.);
#747=ORIENTED_EDGE('',*,*,#1211,.F.);
#748=ORIENTED_EDGE('',*,*,#1212,.T.);
#749=ORIENTED_EDGE('',*,*,#1096,.F.);
#750=ORIENTED_EDGE('',*,*,#1213,.F.);
#751=ORIENTED_EDGE('',*,*,#1080,.F.);
#752=ORIENTED_EDGE('',*,*,#1133,.F.);
#753=ORIENTED_EDGE('',*,*,#1140,.T.);
#754=ORIENTED_EDGE('',*,*,#1147,.F.);
#755=ORIENTED_EDGE('',*,*,#1152,.F.);
#756=ORIENTED_EDGE('',*,*,#1081,.F.);
#757=ORIENTED_EDGE('',*,*,#1213,.T.);
#758=ORIENTED_EDGE('',*,*,#1095,.F.);
#759=ORIENTED_EDGE('',*,*,#1156,.T.);
#760=ORIENTED_EDGE('',*,*,#1163,.F.);
#761=ORIENTED_EDGE('',*,*,#1168,.F.);
#762=ORIENTED_EDGE('',*,*,#1125,.T.);
#763=ORIENTED_EDGE('',*,*,#1214,.F.);
#764=ORIENTED_EDGE('',*,*,#1129,.T.);
#765=ORIENTED_EDGE('',*,*,#1170,.F.);
#766=ORIENTED_EDGE('',*,*,#1165,.F.);
#767=ORIENTED_EDGE('',*,*,#1159,.T.);
#768=ORIENTED_EDGE('',*,*,#1097,.F.);
#769=ORIENTED_EDGE('',*,*,#1212,.F.);
#770=ORIENTED_EDGE('',*,*,#1079,.F.);
#771=ORIENTED_EDGE('',*,*,#1154,.F.);
#772=ORIENTED_EDGE('',*,*,#1149,.F.);
#773=ORIENTED_EDGE('',*,*,#1143,.T.);
#774=ORIENTED_EDGE('',*,*,#1137,.F.);
#775=ORIENTED_EDGE('',*,*,#1215,.F.);
#776=ORIENTED_EDGE('',*,*,#1119,.T.);
#777=ORIENTED_EDGE('',*,*,#1216,.F.);
#778=ORIENTED_EDGE('',*,*,#1217,.T.);
#779=ORIENTED_EDGE('',*,*,#1218,.T.);
#780=ORIENTED_EDGE('',*,*,#1172,.T.);
#781=ORIENTED_EDGE('',*,*,#1218,.F.);
#782=ORIENTED_EDGE('',*,*,#1219,.T.);
#783=ORIENTED_EDGE('',*,*,#1220,.T.);
#784=ORIENTED_EDGE('',*,*,#1206,.T.);
#785=ORIENTED_EDGE('',*,*,#1220,.F.);
#786=ORIENTED_EDGE('',*,*,#1221,.T.);
#787=ORIENTED_EDGE('',*,*,#1222,.T.);
#788=ORIENTED_EDGE('',*,*,#1177,.F.);
#789=ORIENTED_EDGE('',*,*,#1222,.F.);
#790=ORIENTED_EDGE('',*,*,#1223,.T.);
#791=ORIENTED_EDGE('',*,*,#1216,.T.);
#792=ORIENTED_EDGE('',*,*,#1217,.F.);
#793=ORIENTED_EDGE('',*,*,#1223,.F.);
#794=ORIENTED_EDGE('',*,*,#1221,.F.);
#795=ORIENTED_EDGE('',*,*,#1219,.F.);
#796=ORIENTED_EDGE('',*,*,#1211,.T.);
#797=ORIENTED_EDGE('',*,*,#1224,.F.);
#798=ORIENTED_EDGE('',*,*,#1225,.T.);
#799=ORIENTED_EDGE('',*,*,#1226,.T.);
#800=ORIENTED_EDGE('',*,*,#1190,.T.);
#801=ORIENTED_EDGE('',*,*,#1226,.F.);
#802=ORIENTED_EDGE('',*,*,#1227,.T.);
#803=ORIENTED_EDGE('',*,*,#1228,.T.);
#804=ORIENTED_EDGE('',*,*,#1109,.F.);
#805=ORIENTED_EDGE('',*,*,#1228,.F.);
#806=ORIENTED_EDGE('',*,*,#1229,.T.);
#807=ORIENTED_EDGE('',*,*,#1230,.T.);
#808=ORIENTED_EDGE('',*,*,#1191,.F.);
#809=ORIENTED_EDGE('',*,*,#1230,.F.);
#810=ORIENTED_EDGE('',*,*,#1231,.T.);
#811=ORIENTED_EDGE('',*,*,#1224,.T.);
#812=ORIENTED_EDGE('',*,*,#1225,.F.);
#813=ORIENTED_EDGE('',*,*,#1231,.F.);
#814=ORIENTED_EDGE('',*,*,#1229,.F.);
#815=ORIENTED_EDGE('',*,*,#1227,.F.);
#816=ORIENTED_EDGE('',*,*,#1215,.T.);
#817=ORIENTED_EDGE('',*,*,#1232,.F.);
#818=ORIENTED_EDGE('',*,*,#1233,.T.);
#819=ORIENTED_EDGE('',*,*,#1234,.T.);
#820=ORIENTED_EDGE('',*,*,#1130,.T.);
#821=ORIENTED_EDGE('',*,*,#1234,.F.);
#822=ORIENTED_EDGE('',*,*,#1235,.T.);
#823=ORIENTED_EDGE('',*,*,#1236,.T.);
#824=ORIENTED_EDGE('',*,*,#1210,.T.);
#825=ORIENTED_EDGE('',*,*,#1236,.F.);
#826=ORIENTED_EDGE('',*,*,#1237,.T.);
#827=ORIENTED_EDGE('',*,*,#1238,.T.);
#828=ORIENTED_EDGE('',*,*,#1136,.F.);
#829=ORIENTED_EDGE('',*,*,#1238,.F.);
#830=ORIENTED_EDGE('',*,*,#1239,.T.);
#831=ORIENTED_EDGE('',*,*,#1232,.T.);
#832=ORIENTED_EDGE('',*,*,#1233,.F.);
#833=ORIENTED_EDGE('',*,*,#1239,.F.);
#834=ORIENTED_EDGE('',*,*,#1237,.F.);
#835=ORIENTED_EDGE('',*,*,#1235,.F.);
#836=ORIENTED_EDGE('',*,*,#1207,.T.);
#837=ORIENTED_EDGE('',*,*,#1240,.F.);
#838=ORIENTED_EDGE('',*,*,#1241,.T.);
#839=ORIENTED_EDGE('',*,*,#1242,.T.);
#840=ORIENTED_EDGE('',*,*,#1124,.T.);
#841=ORIENTED_EDGE('',*,*,#1242,.F.);
#842=ORIENTED_EDGE('',*,*,#1243,.T.);
#843=ORIENTED_EDGE('',*,*,#1244,.T.);
#844=ORIENTED_EDGE('',*,*,#1214,.T.);
#845=ORIENTED_EDGE('',*,*,#1244,.F.);
#846=ORIENTED_EDGE('',*,*,#1245,.T.);
#847=ORIENTED_EDGE('',*,*,#1246,.T.);
#848=ORIENTED_EDGE('',*,*,#1134,.F.);
#849=ORIENTED_EDGE('',*,*,#1246,.F.);
#850=ORIENTED_EDGE('',*,*,#1247,.T.);
#851=ORIENTED_EDGE('',*,*,#1240,.T.);
#852=ORIENTED_EDGE('',*,*,#1241,.F.);
#853=ORIENTED_EDGE('',*,*,#1247,.F.);
#854=ORIENTED_EDGE('',*,*,#1245,.F.);
#855=ORIENTED_EDGE('',*,*,#1243,.F.);
#856=ORIENTED_EDGE('',*,*,#1072,.T.);
#857=ORIENTED_EDGE('',*,*,#1114,.T.);
#858=ORIENTED_EDGE('',*,*,#1088,.T.);
#859=ORIENTED_EDGE('',*,*,#1104,.F.);
#860=EDGE_CURVE('',#1248,#1249,#1496,.T.);
#861=EDGE_CURVE('',#1250,#1248,#1497,.T.);
#862=EDGE_CURVE('',#1251,#1250,#1498,.T.);
#863=EDGE_CURVE('',#1252,#1251,#1499,.T.);
#864=EDGE_CURVE('',#1253,#1252,#1500,.T.);
#865=EDGE_CURVE('',#1254,#1253,#1501,.T.);
#866=EDGE_CURVE('',#1255,#1254,#1502,.T.);
#867=EDGE_CURVE('',#1256,#1255,#1503,.T.);
#868=EDGE_CURVE('',#1257,#1256,#1504,.T.);
#869=EDGE_CURVE('',#1258,#1257,#1505,.T.);
#870=EDGE_CURVE('',#1259,#1258,#1506,.T.);
#871=EDGE_CURVE('',#1260,#1259,#1507,.T.);
#872=EDGE_CURVE('',#1260,#1261,#1508,.T.);
#873=EDGE_CURVE('',#1261,#1262,#1509,.T.);
#874=EDGE_CURVE('',#1263,#1262,#1510,.T.);
#875=EDGE_CURVE('',#1264,#1263,#1511,.T.);
#876=EDGE_CURVE('',#1265,#1264,#1512,.T.);
#877=EDGE_CURVE('',#1265,#1266,#1513,.T.);
#878=EDGE_CURVE('',#1267,#1266,#1514,.T.);
#879=EDGE_CURVE('',#1268,#1267,#1515,.T.);
#880=EDGE_CURVE('',#1269,#1268,#1516,.T.);
#881=EDGE_CURVE('',#1269,#1270,#1517,.T.);
#882=EDGE_CURVE('',#1271,#1270,#1518,.T.);
#883=EDGE_CURVE('',#1272,#1271,#1519,.T.);
#884=EDGE_CURVE('',#1273,#1272,#1520,.T.);
#885=EDGE_CURVE('',#1273,#1274,#1521,.T.);
#886=EDGE_CURVE('',#1275,#1274,#1522,.T.);
#887=EDGE_CURVE('',#1249,#1275,#1523,.T.);
#888=EDGE_CURVE('',#1276,#1277,#1524,.T.);
#889=EDGE_CURVE('',#1276,#1278,#1525,.T.);
#890=EDGE_CURVE('',#1278,#1279,#1526,.T.);
#891=EDGE_CURVE('',#1279,#1277,#1527,.T.);
#892=EDGE_CURVE('',#1280,#1281,#1528,.T.);
#893=EDGE_CURVE('',#1280,#1282,#1529,.T.);
#894=EDGE_CURVE('',#1282,#1283,#1530,.T.);
#895=EDGE_CURVE('',#1283,#1281,#1531,.T.);
#896=EDGE_CURVE('',#1284,#1285,#1532,.T.);
#897=EDGE_CURVE('',#1284,#1286,#1533,.T.);
#898=EDGE_CURVE('',#1286,#1287,#1534,.T.);
#899=EDGE_CURVE('',#1287,#1285,#1535,.T.);
#900=EDGE_CURVE('',#1288,#1289,#1536,.T.);
#901=EDGE_CURVE('',#1290,#1288,#1537,.T.);
#902=EDGE_CURVE('',#1291,#1290,#1538,.T.);
#903=EDGE_CURVE('',#1289,#1291,#1539,.T.);
#904=EDGE_CURVE('',#1292,#1259,#1540,.T.);
#905=EDGE_CURVE('',#1292,#1293,#1541,.T.);
#906=EDGE_CURVE('',#1293,#1260,#1542,.T.);
#907=EDGE_CURVE('',#1294,#1295,#1543,.T.);
#908=EDGE_CURVE('',#1296,#1294,#1544,.T.);
#909=EDGE_CURVE('',#1297,#1296,#1545,.T.);
#910=EDGE_CURVE('',#1295,#1297,#1546,.T.);
#911=EDGE_CURVE('',#1249,#1298,#1547,.T.);
#912=EDGE_CURVE('',#1275,#1299,#1548,.T.);
#913=EDGE_CURVE('',#1299,#1298,#1549,.T.);
#914=EDGE_CURVE('',#1300,#1301,#1550,.T.);
#915=EDGE_CURVE('',#1302,#1300,#1551,.T.);
#916=EDGE_CURVE('',#1303,#1302,#1552,.T.);
#917=EDGE_CURVE('',#1301,#1303,#1553,.T.);
#918=EDGE_CURVE('',#1304,#1251,#1554,.T.);
#919=EDGE_CURVE('',#1304,#1305,#1555,.T.);
#920=EDGE_CURVE('',#1252,#1305,#1556,.T.);
#921=EDGE_CURVE('',#1306,#1307,#1557,.T.);
#922=EDGE_CURVE('',#1308,#1306,#1558,.T.);
#923=EDGE_CURVE('',#1309,#1308,#1559,.T.);
#924=EDGE_CURVE('',#1307,#1309,#1560,.T.);
#925=EDGE_CURVE('',#1310,#1255,#1561,.T.);
#926=EDGE_CURVE('',#1310,#1311,#1562,.T.);
#927=EDGE_CURVE('',#1256,#1311,#1563,.T.);
#928=EDGE_CURVE('',#1312,#1313,#1564,.T.);
#929=EDGE_CURVE('',#1313,#1314,#1565,.T.);
#930=EDGE_CURVE('',#1314,#1315,#1566,.T.);
#931=EDGE_CURVE('',#1315,#1312,#1567,.T.);
#932=EDGE_CURVE('',#1262,#1316,#1568,.T.);
#933=EDGE_CURVE('',#1317,#1261,#1569,.T.);
#934=EDGE_CURVE('',#1316,#1317,#1570,.T.);
#935=EDGE_CURVE('',#1318,#1319,#1571,.T.);
#936=EDGE_CURVE('',#1319,#1320,#1572,.T.);
#937=EDGE_CURVE('',#1320,#1321,#1573,.T.);
#938=EDGE_CURVE('',#1321,#1318,#1574,.T.);
#939=EDGE_CURVE('',#1265,#1322,#1575,.T.);
#940=EDGE_CURVE('',#1323,#1322,#1576,.T.);
#941=EDGE_CURVE('',#1266,#1323,#1577,.T.);
#942=EDGE_CURVE('',#1324,#1325,#1578,.T.);
#943=EDGE_CURVE('',#1325,#1326,#1579,.T.);
#944=EDGE_CURVE('',#1326,#1327,#1580,.T.);
#945=EDGE_CURVE('',#1327,#1324,#1581,.T.);
#946=EDGE_CURVE('',#1269,#1328,#1582,.T.);
#947=EDGE_CURVE('',#1329,#1328,#1583,.T.);
#948=EDGE_CURVE('',#1270,#1329,#1584,.T.);
#949=EDGE_CURVE('',#1330,#1331,#1585,.T.);
#950=EDGE_CURVE('',#1331,#1332,#1586,.T.);
#951=EDGE_CURVE('',#1332,#1333,#1587,.T.);
#952=EDGE_CURVE('',#1333,#1330,#1588,.T.);
#953=EDGE_CURVE('',#1273,#1334,#1589,.T.);
#954=EDGE_CURVE('',#1335,#1334,#1590,.T.);
#955=EDGE_CURVE('',#1274,#1335,#1591,.T.);
#956=EDGE_CURVE('',#1316,#1292,#1592,.T.);
#957=EDGE_CURVE('',#1293,#1317,#1593,.T.);
#958=EDGE_CURVE('',#1311,#1322,#1594,.T.);
#959=EDGE_CURVE('',#1323,#1310,#1595,.T.);
#960=EDGE_CURVE('',#1305,#1328,#1596,.T.);
#961=EDGE_CURVE('',#1329,#1304,#1597,.T.);
#962=EDGE_CURVE('',#1298,#1334,#1598,.T.);
#963=EDGE_CURVE('',#1299,#1335,#1599,.T.);
#964=EDGE_CURVE('',#1294,#1330,#1600,.T.);
#965=EDGE_CURVE('',#1295,#1331,#1601,.T.);
#966=EDGE_CURVE('',#1296,#1333,#1602,.T.);
#967=EDGE_CURVE('',#1297,#1332,#1603,.T.);
#968=EDGE_CURVE('',#1300,#1324,#1604,.T.);
#969=EDGE_CURVE('',#1301,#1325,#1605,.T.);
#970=EDGE_CURVE('',#1302,#1327,#1606,.T.);
#971=EDGE_CURVE('',#1303,#1326,#1607,.T.);
#972=EDGE_CURVE('',#1306,#1318,#1608,.T.);
#973=EDGE_CURVE('',#1307,#1319,#1609,.T.);
#974=EDGE_CURVE('',#1308,#1321,#1610,.T.);
#975=EDGE_CURVE('',#1309,#1320,#1611,.T.);
#976=EDGE_CURVE('',#1288,#1312,#1612,.T.);
#977=EDGE_CURVE('',#1289,#1313,#1613,.T.);
#978=EDGE_CURVE('',#1290,#1315,#1614,.T.);
#979=EDGE_CURVE('',#1291,#1314,#1615,.T.);
#980=EDGE_CURVE('',#1279,#1272,#1616,.T.);
#981=EDGE_CURVE('',#1278,#1248,#1617,.T.);
#982=EDGE_CURVE('',#1276,#1250,#1618,.T.);
#983=EDGE_CURVE('',#1277,#1271,#1619,.T.);
#984=EDGE_CURVE('',#1283,#1268,#1620,.T.);
#985=EDGE_CURVE('',#1282,#1253,#1621,.T.);
#986=EDGE_CURVE('',#1280,#1254,#1622,.T.);
#987=EDGE_CURVE('',#1281,#1267,#1623,.T.);
#988=EDGE_CURVE('',#1284,#1258,#1624,.T.);
#989=EDGE_CURVE('',#1285,#1263,#1625,.T.);
#990=EDGE_CURVE('',#1287,#1264,#1626,.T.);
#991=EDGE_CURVE('',#1286,#1257,#1627,.T.);
#992=EDGE_CURVE('',#1336,#1337,#1628,.T.);
#993=EDGE_CURVE('',#1336,#1338,#1629,.T.);
#994=EDGE_CURVE('',#1339,#1338,#1630,.T.);
#995=EDGE_CURVE('',#1339,#1340,#1631,.T.);
#996=EDGE_CURVE('',#1340,#1341,#1632,.T.);
#997=EDGE_CURVE('',#1341,#1342,#1633,.T.);
#998=EDGE_CURVE('',#1343,#1342,#1634,.T.);
#999=EDGE_CURVE('',#1343,#1344,#1635,.T.);
#1000=EDGE_CURVE('',#1344,#1345,#1636,.T.);
#1001=EDGE_CURVE('',#1345,#1346,#1637,.T.);
#1002=EDGE_CURVE('',#1347,#1346,#1638,.T.);
#1003=EDGE_CURVE('',#1347,#1348,#1639,.T.);
#1004=EDGE_CURVE('',#1348,#1349,#1640,.T.);
#1005=EDGE_CURVE('',#1349,#1350,#1641,.T.);
#1006=EDGE_CURVE('',#1351,#1350,#1642,.T.);
#1007=EDGE_CURVE('',#1337,#1351,#1643,.T.);
#1008=EDGE_CURVE('',#1352,#1353,#1644,.T.);
#1009=EDGE_CURVE('',#1354,#1352,#1645,.T.);
#1010=EDGE_CURVE('',#1354,#1355,#1646,.T.);
#1011=EDGE_CURVE('',#1355,#1356,#1647,.T.);
#1012=EDGE_CURVE('',#1356,#1357,#1648,.T.);
#1013=EDGE_CURVE('',#1357,#1358,#1649,.T.);
#1014=EDGE_CURVE('',#1358,#1359,#1650,.T.);
#1015=EDGE_CURVE('',#1359,#1360,#1651,.T.);
#1016=EDGE_CURVE('',#1360,#1361,#1652,.T.);
#1017=EDGE_CURVE('',#1361,#1362,#1653,.T.);
#1018=EDGE_CURVE('',#1362,#1363,#1654,.T.);
#1019=EDGE_CURVE('',#1363,#1364,#1655,.T.);
#1020=EDGE_CURVE('',#1364,#1365,#1656,.T.);
#1021=EDGE_CURVE('',#1365,#1366,#1657,.T.);
#1022=EDGE_CURVE('',#1366,#1367,#1658,.T.);
#1023=EDGE_CURVE('',#1367,#1353,#1659,.T.);
#1024=EDGE_CURVE('',#1352,#1337,#1660,.T.);
#1025=EDGE_CURVE('',#1351,#1354,#1661,.T.);
#1026=EDGE_CURVE('',#1353,#1336,#1662,.T.);
#1027=EDGE_CURVE('',#1338,#1367,#1663,.T.);
#1028=EDGE_CURVE('',#1366,#1339,#1664,.T.);
#1029=EDGE_CURVE('',#1340,#1365,#1665,.T.);
#1030=EDGE_CURVE('',#1341,#1364,#1666,.T.);
#1031=EDGE_CURVE('',#1342,#1363,#1667,.T.);
#1032=EDGE_CURVE('',#1358,#1347,#1668,.T.);
#1033=EDGE_CURVE('',#1348,#1357,#1669,.T.);
#1034=EDGE_CURVE('',#1349,#1356,#1670,.T.);
#1035=EDGE_CURVE('',#1350,#1355,#1671,.T.);
#1036=EDGE_CURVE('',#1362,#1343,#1672,.T.);
#1037=EDGE_CURVE('',#1344,#1361,#1673,.T.);
#1038=EDGE_CURVE('',#1345,#1360,#1674,.T.);
#1039=EDGE_CURVE('',#1346,#1359,#1675,.T.);
#1040=EDGE_CURVE('',#1368,#1367,#1676,.T.);
#1041=EDGE_CURVE('',#1369,#1368,#1677,.F.);
#1042=EDGE_CURVE('',#1369,#1338,#1678,.T.);
#1043=EDGE_CURVE('',#1370,#1366,#1679,.T.);
#1044=EDGE_CURVE('',#1368,#1370,#1680,.F.);
#1045=EDGE_CURVE('',#1371,#1339,#1681,.T.);
#1046=EDGE_CURVE('',#1370,#1371,#1682,.F.);
#1047=EDGE_CURVE('',#1371,#1369,#1683,.F.);
#1048=EDGE_CURVE('',#1372,#1359,#1684,.T.);
#1049=EDGE_CURVE('',#1373,#1372,#1685,.F.);
#1050=EDGE_CURVE('',#1373,#1346,#1686,.T.);
#1051=EDGE_CURVE('',#1374,#1358,#1687,.T.);
#1052=EDGE_CURVE('',#1372,#1374,#1688,.F.);
#1053=EDGE_CURVE('',#1375,#1347,#1689,.T.);
#1054=EDGE_CURVE('',#1374,#1375,#1690,.F.);
#1055=EDGE_CURVE('',#1375,#1373,#1691,.F.);
#1056=EDGE_CURVE('',#1376,#1363,#1692,.T.);
#1057=EDGE_CURVE('',#1377,#1376,#1693,.F.);
#1058=EDGE_CURVE('',#1377,#1342,#1694,.T.);
#1059=EDGE_CURVE('',#1378,#1362,#1695,.T.);
#1060=EDGE_CURVE('',#1376,#1378,#1696,.F.);
#1061=EDGE_CURVE('',#1379,#1343,#1697,.T.);
#1062=EDGE_CURVE('',#1378,#1379,#1698,.F.);
#1063=EDGE_CURVE('',#1379,#1377,#1699,.F.);
#1064=EDGE_CURVE('',#1380,#1355,#1700,.T.);
#1065=EDGE_CURVE('',#1381,#1380,#1701,.F.);
#1066=EDGE_CURVE('',#1381,#1350,#1702,.T.);
#1067=EDGE_CURVE('',#1382,#1354,#1703,.T.);
#1068=EDGE_CURVE('',#1380,#1382,#1704,.F.);
#1069=EDGE_CURVE('',#1383,#1351,#1705,.T.);
#1070=EDGE_CURVE('',#1382,#1383,#1706,.F.);
#1071=EDGE_CURVE('',#1383,#1381,#1707,.F.);
#1072=EDGE_CURVE('',#1384,#1385,#1708,.T.);
#1073=EDGE_CURVE('',#1386,#1384,#1709,.T.);
#1074=EDGE_CURVE('',#1386,#1387,#1710,.T.);
#1075=EDGE_CURVE('',#1387,#1388,#1711,.T.);
#1076=EDGE_CURVE('',#1388,#1389,#1712,.T.);
#1077=EDGE_CURVE('',#1389,#1390,#1713,.T.);
#1078=EDGE_CURVE('',#1390,#1391,#1714,.T.);
#1079=EDGE_CURVE('',#1391,#1392,#1715,.T.);
#1080=EDGE_CURVE('',#1392,#1393,#1716,.T.);
#1081=EDGE_CURVE('',#1393,#1394,#1717,.T.);
#1082=EDGE_CURVE('',#1394,#1395,#1718,.T.);
#1083=EDGE_CURVE('',#1395,#1396,#1719,.T.);
#1084=EDGE_CURVE('',#1396,#1397,#1720,.T.);
#1085=EDGE_CURVE('',#1397,#1398,#1721,.T.);
#1086=EDGE_CURVE('',#1398,#1399,#1722,.T.);
#1087=EDGE_CURVE('',#1399,#1385,#1723,.T.);
#1088=EDGE_CURVE('',#1400,#1401,#1724,.T.);
#1089=EDGE_CURVE('',#1400,#1402,#1725,.T.);
#1090=EDGE_CURVE('',#1403,#1402,#1726,.T.);
#1091=EDGE_CURVE('',#1403,#1404,#1727,.T.);
#1092=EDGE_CURVE('',#1404,#1405,#1728,.T.);
#1093=EDGE_CURVE('',#1405,#1406,#1729,.T.);
#1094=EDGE_CURVE('',#1407,#1406,#1730,.T.);
#1095=EDGE_CURVE('',#1407,#1408,#1731,.T.);
#1096=EDGE_CURVE('',#1408,#1409,#1732,.T.);
#1097=EDGE_CURVE('',#1409,#1410,#1733,.T.);
#1098=EDGE_CURVE('',#1411,#1410,#1734,.T.);
#1099=EDGE_CURVE('',#1411,#1412,#1735,.T.);
#1100=EDGE_CURVE('',#1412,#1413,#1736,.T.);
#1101=EDGE_CURVE('',#1413,#1414,#1737,.T.);
#1102=EDGE_CURVE('',#1415,#1414,#1738,.T.);
#1103=EDGE_CURVE('',#1401,#1415,#1739,.T.);
#1104=EDGE_CURVE('',#1384,#1401,#1740,.T.);
#1105=EDGE_CURVE('',#1416,#1415,#34,.T.);
#1106=EDGE_CURVE('',#1416,#1417,#1741,.T.);
#1107=EDGE_CURVE('',#1417,#1418,#35,.T.);
#1108=EDGE_CURVE('',#1418,#1419,#1742,.T.);
#1109=EDGE_CURVE('',#1419,#1420,#1743,.T.);
#1110=EDGE_CURVE('',#1420,#1421,#1744,.T.);
#1111=EDGE_CURVE('',#1422,#1421,#36,.T.);
#1112=EDGE_CURVE('',#1422,#1423,#1745,.T.);
#1113=EDGE_CURVE('',#1423,#1386,#37,.T.);
#1114=EDGE_CURVE('',#1385,#1400,#1746,.T.);
#1115=EDGE_CURVE('',#1424,#1399,#38,.T.);
#1116=EDGE_CURVE('',#1425,#1424,#1747,.T.);
#1117=EDGE_CURVE('',#1425,#1426,#39,.T.);
#1118=EDGE_CURVE('',#1427,#1426,#1748,.T.);
#1119=EDGE_CURVE('',#1428,#1427,#1749,.T.);
#1120=EDGE_CURVE('',#1429,#1428,#1750,.T.);
#1121=EDGE_CURVE('',#1430,#1429,#40,.T.);
#1122=EDGE_CURVE('',#1431,#1430,#1751,.T.);
#1123=EDGE_CURVE('',#1431,#1402,#41,.T.);
#1124=EDGE_CURVE('',#1432,#1433,#1752,.T.);
#1125=EDGE_CURVE('',#1434,#1432,#1753,.T.);
#1126=EDGE_CURVE('',#1434,#1435,#1754,.T.);
#1127=EDGE_CURVE('',#1433,#1435,#1755,.T.);
#1128=EDGE_CURVE('',#1436,#1437,#1756,.T.);
#1129=EDGE_CURVE('',#1438,#1437,#1757,.T.);
#1130=EDGE_CURVE('',#1439,#1438,#1758,.T.);
#1131=EDGE_CURVE('',#1436,#1439,#1759,.T.);
#1132=EDGE_CURVE('',#1440,#1441,#1760,.T.);
#1133=EDGE_CURVE('',#1440,#1442,#1761,.T.);
#1134=EDGE_CURVE('',#1442,#1443,#1762,.T.);
#1135=EDGE_CURVE('',#1443,#1441,#1763,.T.);
#1136=EDGE_CURVE('',#1444,#1445,#1764,.T.);
#1137=EDGE_CURVE('',#1445,#1446,#1765,.T.);
#1138=EDGE_CURVE('',#1447,#1446,#1766,.T.);
#1139=EDGE_CURVE('',#1447,#1444,#1767,.T.);
#1140=EDGE_CURVE('',#1440,#1448,#42,.T.);
#1141=EDGE_CURVE('',#1449,#1441,#43,.T.);
#1142=EDGE_CURVE('',#1448,#1449,#1768,.T.);
#1143=EDGE_CURVE('',#1450,#1446,#44,.T.);
#1144=EDGE_CURVE('',#1451,#1450,#1769,.T.);
#1145=EDGE_CURVE('',#1447,#1451,#45,.T.);
#1146=EDGE_CURVE('',#1452,#1453,#1770,.T.);
#1147=EDGE_CURVE('',#1452,#1448,#1771,.T.);
#1148=EDGE_CURVE('',#1449,#1453,#1772,.T.);
#1149=EDGE_CURVE('',#1450,#1454,#1773,.T.);
#1150=EDGE_CURVE('',#1455,#1454,#1774,.T.);
#1151=EDGE_CURVE('',#1455,#1451,#1775,.T.);
#1152=EDGE_CURVE('',#1394,#1452,#46,.T.);
#1153=EDGE_CURVE('',#1453,#1395,#47,.T.);
#1154=EDGE_CURVE('',#1454,#1391,#48,.T.);
#1155=EDGE_CURVE('',#1390,#1455,#49,.T.);
#1156=EDGE_CURVE('',#1407,#1456,#50,.T.);
#1157=EDGE_CURVE('',#1457,#1406,#51,.T.);
#1158=EDGE_CURVE('',#1456,#1457,#1776,.T.);
#1159=EDGE_CURVE('',#1458,#1410,#52,.T.);
#1160=EDGE_CURVE('',#1459,#1458,#1777,.T.);
#1161=EDGE_CURVE('',#1411,#1459,#53,.T.);
#1162=EDGE_CURVE('',#1460,#1461,#1778,.T.);
#1163=EDGE_CURVE('',#1460,#1456,#1779,.T.);
#1164=EDGE_CURVE('',#1457,#1461,#1780,.T.);
#1165=EDGE_CURVE('',#1458,#1462,#1781,.T.);
#1166=EDGE_CURVE('',#1463,#1462,#1782,.T.);
#1167=EDGE_CURVE('',#1463,#1459,#1783,.T.);
#1168=EDGE_CURVE('',#1434,#1460,#54,.T.);
#1169=EDGE_CURVE('',#1461,#1435,#55,.T.);
#1170=EDGE_CURVE('',#1462,#1437,#56,.T.);
#1171=EDGE_CURVE('',#1436,#1463,#57,.T.);
#1172=EDGE_CURVE('',#1464,#1428,#1784,.T.);
#1173=EDGE_CURVE('',#1465,#1464,#1785,.T.);
#1174=EDGE_CURVE('',#1465,#1429,#1786,.T.);
#1175=EDGE_CURVE('',#1466,#1426,#1787,.T.);
#1176=EDGE_CURVE('',#1466,#1467,#1788,.T.);
#1177=EDGE_CURVE('',#1467,#1427,#1789,.T.);
#1178=EDGE_CURVE('',#1466,#1468,#58,.T.);
#1179=EDGE_CURVE('',#1468,#1425,#1790,.T.);
#1180=EDGE_CURVE('',#1469,#1424,#1791,.T.);
#1181=EDGE_CURVE('',#1469,#1468,#1792,.T.);
#1182=EDGE_CURVE('',#1398,#1469,#59,.T.);
#1183=EDGE_CURVE('',#1403,#1470,#60,.T.);
#1184=EDGE_CURVE('',#1470,#1431,#1793,.T.);
#1185=EDGE_CURVE('',#1471,#1430,#1794,.T.);
#1186=EDGE_CURVE('',#1471,#1470,#1795,.T.);
#1187=EDGE_CURVE('',#1465,#1471,#61,.T.);
#1188=EDGE_CURVE('',#1418,#1472,#1796,.T.);
#1189=EDGE_CURVE('',#1473,#1472,#1797,.T.);
#1190=EDGE_CURVE('',#1419,#1473,#1798,.T.);
#1191=EDGE_CURVE('',#1420,#1474,#1799,.T.);
#1192=EDGE_CURVE('',#1474,#1475,#1800,.T.);
#1193=EDGE_CURVE('',#1421,#1475,#1801,.T.);
#1194=EDGE_CURVE('',#1476,#1475,#62,.T.);
#1195=EDGE_CURVE('',#1422,#1476,#1802,.T.);
#1196=EDGE_CURVE('',#1476,#1477,#1803,.T.);
#1197=EDGE_CURVE('',#1423,#1477,#1804,.T.);
#1198=EDGE_CURVE('',#1477,#1387,#63,.T.);
#1199=EDGE_CURVE('',#1478,#1414,#64,.T.);
#1200=EDGE_CURVE('',#1416,#1478,#1805,.T.);
#1201=EDGE_CURVE('',#1478,#1479,#1806,.T.);
#1202=EDGE_CURVE('',#1417,#1479,#1807,.T.);
#1203=EDGE_CURVE('',#1479,#1472,#65,.T.);
#1204=EDGE_CURVE('',#1396,#1405,#1808,.T.);
#1205=EDGE_CURVE('',#1397,#1404,#1809,.T.);
#1206=EDGE_CURVE('',#1467,#1464,#1810,.T.);
#1207=EDGE_CURVE('',#1433,#1443,#1811,.T.);
#1208=EDGE_CURVE('',#1388,#1413,#1812,.T.);
#1209=EDGE_CURVE('',#1389,#1412,#1813,.T.);
#1210=EDGE_CURVE('',#1444,#1439,#1814,.T.);
#1211=EDGE_CURVE('',#1473,#1474,#1815,.T.);
#1212=EDGE_CURVE('',#1392,#1409,#1816,.T.);
#1213=EDGE_CURVE('',#1393,#1408,#1817,.T.);
#1214=EDGE_CURVE('',#1442,#1432,#1818,.T.);
#1215=EDGE_CURVE('',#1438,#1445,#1819,.T.);
#1216=EDGE_CURVE('',#1480,#1427,#1820,.T.);
#1217=EDGE_CURVE('',#1480,#1481,#1821,.T.);
#1218=EDGE_CURVE('',#1481,#1428,#1822,.T.);
#1219=EDGE_CURVE('',#1481,#1482,#1823,.T.);
#1220=EDGE_CURVE('',#1482,#1464,#1824,.T.);
#1221=EDGE_CURVE('',#1482,#1483,#1825,.T.);
#1222=EDGE_CURVE('',#1483,#1467,#1826,.T.);
#1223=EDGE_CURVE('',#1483,#1480,#1827,.T.);
#1224=EDGE_CURVE('',#1484,#1474,#1828,.T.);
#1225=EDGE_CURVE('',#1484,#1485,#1829,.T.);
#1226=EDGE_CURVE('',#1485,#1473,#1830,.T.);
#1227=EDGE_CURVE('',#1485,#1486,#1831,.T.);
#1228=EDGE_CURVE('',#1486,#1419,#1832,.T.);
#1229=EDGE_CURVE('',#1486,#1487,#1833,.T.);
#1230=EDGE_CURVE('',#1487,#1420,#1834,.T.);
#1231=EDGE_CURVE('',#1487,#1484,#1835,.T.);
#1232=EDGE_CURVE('',#1488,#1445,#1836,.T.);
#1233=EDGE_CURVE('',#1488,#1489,#1837,.T.);
#1234=EDGE_CURVE('',#1489,#1438,#1838,.T.);
#1235=EDGE_CURVE('',#1489,#1490,#1839,.T.);
#1236=EDGE_CURVE('',#1490,#1439,#1840,.T.);
#1237=EDGE_CURVE('',#1490,#1491,#1841,.T.);
#1238=EDGE_CURVE('',#1491,#1444,#1842,.T.);
#1239=EDGE_CURVE('',#1491,#1488,#1843,.T.);
#1240=EDGE_CURVE('',#1492,#1443,#1844,.T.);
#1241=EDGE_CURVE('',#1492,#1493,#1845,.T.);
#1242=EDGE_CURVE('',#1493,#1433,#1846,.T.);
#1243=EDGE_CURVE('',#1493,#1494,#1847,.T.);
#1244=EDGE_CURVE('',#1494,#1432,#1848,.T.);
#1245=EDGE_CURVE('',#1494,#1495,#1849,.T.);
#1246=EDGE_CURVE('',#1495,#1442,#1850,.T.);
#1247=EDGE_CURVE('',#1495,#1492,#1851,.T.);
#1248=VERTEX_POINT('',#3734);
#1249=VERTEX_POINT('',#3735);
#1250=VERTEX_POINT('',#3737);
#1251=VERTEX_POINT('',#3739);
#1252=VERTEX_POINT('',#3741);
#1253=VERTEX_POINT('',#3743);
#1254=VERTEX_POINT('',#3745);
#1255=VERTEX_POINT('',#3747);
#1256=VERTEX_POINT('',#3749);
#1257=VERTEX_POINT('',#3751);
#1258=VERTEX_POINT('',#3753);
#1259=VERTEX_POINT('',#3755);
#1260=VERTEX_POINT('',#3757);
#1261=VERTEX_POINT('',#3759);
#1262=VERTEX_POINT('',#3761);
#1263=VERTEX_POINT('',#3763);
#1264=VERTEX_POINT('',#3765);
#1265=VERTEX_POINT('',#3767);
#1266=VERTEX_POINT('',#3769);
#1267=VERTEX_POINT('',#3771);
#1268=VERTEX_POINT('',#3773);
#1269=VERTEX_POINT('',#3775);
#1270=VERTEX_POINT('',#3777);
#1271=VERTEX_POINT('',#3779);
#1272=VERTEX_POINT('',#3781);
#1273=VERTEX_POINT('',#3783);
#1274=VERTEX_POINT('',#3785);
#1275=VERTEX_POINT('',#3787);
#1276=VERTEX_POINT('',#3791);
#1277=VERTEX_POINT('',#3792);
#1278=VERTEX_POINT('',#3794);
#1279=VERTEX_POINT('',#3796);
#1280=VERTEX_POINT('',#3800);
#1281=VERTEX_POINT('',#3801);
#1282=VERTEX_POINT('',#3803);
#1283=VERTEX_POINT('',#3805);
#1284=VERTEX_POINT('',#3809);
#1285=VERTEX_POINT('',#3810);
#1286=VERTEX_POINT('',#3812);
#1287=VERTEX_POINT('',#3814);
#1288=VERTEX_POINT('',#3818);
#1289=VERTEX_POINT('',#3819);
#1290=VERTEX_POINT('',#3821);
#1291=VERTEX_POINT('',#3823);
#1292=VERTEX_POINT('',#3826);
#1293=VERTEX_POINT('',#3828);
#1294=VERTEX_POINT('',#3832);
#1295=VERTEX_POINT('',#3833);
#1296=VERTEX_POINT('',#3835);
#1297=VERTEX_POINT('',#3837);
#1298=VERTEX_POINT('',#3840);
#1299=VERTEX_POINT('',#3842);
#1300=VERTEX_POINT('',#3846);
#1301=VERTEX_POINT('',#3847);
#1302=VERTEX_POINT('',#3849);
#1303=VERTEX_POINT('',#3851);
#1304=VERTEX_POINT('',#3854);
#1305=VERTEX_POINT('',#3856);
#1306=VERTEX_POINT('',#3860);
#1307=VERTEX_POINT('',#3861);
#1308=VERTEX_POINT('',#3863);
#1309=VERTEX_POINT('',#3865);
#1310=VERTEX_POINT('',#3868);
#1311=VERTEX_POINT('',#3870);
#1312=VERTEX_POINT('',#3874);
#1313=VERTEX_POINT('',#3875);
#1314=VERTEX_POINT('',#3877);
#1315=VERTEX_POINT('',#3879);
#1316=VERTEX_POINT('',#3882);
#1317=VERTEX_POINT('',#3884);
#1318=VERTEX_POINT('',#3888);
#1319=VERTEX_POINT('',#3889);
#1320=VERTEX_POINT('',#3891);
#1321=VERTEX_POINT('',#3893);
#1322=VERTEX_POINT('',#3896);
#1323=VERTEX_POINT('',#3898);
#1324=VERTEX_POINT('',#3902);
#1325=VERTEX_POINT('',#3903);
#1326=VERTEX_POINT('',#3905);
#1327=VERTEX_POINT('',#3907);
#1328=VERTEX_POINT('',#3910);
#1329=VERTEX_POINT('',#3912);
#1330=VERTEX_POINT('',#3916);
#1331=VERTEX_POINT('',#3917);
#1332=VERTEX_POINT('',#3919);
#1333=VERTEX_POINT('',#3921);
#1334=VERTEX_POINT('',#3924);
#1335=VERTEX_POINT('',#3926);
#1336=VERTEX_POINT('',#4001);
#1337=VERTEX_POINT('',#4002);
#1338=VERTEX_POINT('',#4004);
#1339=VERTEX_POINT('',#4006);
#1340=VERTEX_POINT('',#4008);
#1341=VERTEX_POINT('',#4010);
#1342=VERTEX_POINT('',#4012);
#1343=VERTEX_POINT('',#4014);
#1344=VERTEX_POINT('',#4016);
#1345=VERTEX_POINT('',#4018);
#1346=VERTEX_POINT('',#4020);
#1347=VERTEX_POINT('',#4022);
#1348=VERTEX_POINT('',#4024);
#1349=VERTEX_POINT('',#4026);
#1350=VERTEX_POINT('',#4028);
#1351=VERTEX_POINT('',#4030);
#1352=VERTEX_POINT('',#4034);
#1353=VERTEX_POINT('',#4035);
#1354=VERTEX_POINT('',#4037);
#1355=VERTEX_POINT('',#4039);
#1356=VERTEX_POINT('',#4041);
#1357=VERTEX_POINT('',#4043);
#1358=VERTEX_POINT('',#4045);
#1359=VERTEX_POINT('',#4047);
#1360=VERTEX_POINT('',#4049);
#1361=VERTEX_POINT('',#4051);
#1362=VERTEX_POINT('',#4053);
#1363=VERTEX_POINT('',#4055);
#1364=VERTEX_POINT('',#4057);
#1365=VERTEX_POINT('',#4059);
#1366=VERTEX_POINT('',#4061);
#1367=VERTEX_POINT('',#4063);
#1368=VERTEX_POINT('',#4094);
#1369=VERTEX_POINT('',#4096);
#1370=VERTEX_POINT('',#4100);
#1371=VERTEX_POINT('',#4104);
#1372=VERTEX_POINT('',#4111);
#1373=VERTEX_POINT('',#4113);
#1374=VERTEX_POINT('',#4117);
#1375=VERTEX_POINT('',#4121);
#1376=VERTEX_POINT('',#4128);
#1377=VERTEX_POINT('',#4130);
#1378=VERTEX_POINT('',#4134);
#1379=VERTEX_POINT('',#4138);
#1380=VERTEX_POINT('',#4145);
#1381=VERTEX_POINT('',#4147);
#1382=VERTEX_POINT('',#4151);
#1383=VERTEX_POINT('',#4155);
#1384=VERTEX_POINT('',#4164);
#1385=VERTEX_POINT('',#4165);
#1386=VERTEX_POINT('',#4167);
#1387=VERTEX_POINT('',#4169);
#1388=VERTEX_POINT('',#4171);
#1389=VERTEX_POINT('',#4173);
#1390=VERTEX_POINT('',#4175);
#1391=VERTEX_POINT('',#4177);
#1392=VERTEX_POINT('',#4179);
#1393=VERTEX_POINT('',#4181);
#1394=VERTEX_POINT('',#4183);
#1395=VERTEX_POINT('',#4185);
#1396=VERTEX_POINT('',#4187);
#1397=VERTEX_POINT('',#4189);
#1398=VERTEX_POINT('',#4191);
#1399=VERTEX_POINT('',#4193);
#1400=VERTEX_POINT('',#4197);
#1401=VERTEX_POINT('',#4198);
#1402=VERTEX_POINT('',#4200);
#1403=VERTEX_POINT('',#4202);
#1404=VERTEX_POINT('',#4204);
#1405=VERTEX_POINT('',#4206);
#1406=VERTEX_POINT('',#4208);
#1407=VERTEX_POINT('',#4210);
#1408=VERTEX_POINT('',#4212);
#1409=VERTEX_POINT('',#4214);
#1410=VERTEX_POINT('',#4216);
#1411=VERTEX_POINT('',#4218);
#1412=VERTEX_POINT('',#4220);
#1413=VERTEX_POINT('',#4222);
#1414=VERTEX_POINT('',#4224);
#1415=VERTEX_POINT('',#4226);
#1416=VERTEX_POINT('',#4231);
#1417=VERTEX_POINT('',#4233);
#1418=VERTEX_POINT('',#4235);
#1419=VERTEX_POINT('',#4237);
#1420=VERTEX_POINT('',#4239);
#1421=VERTEX_POINT('',#4241);
#1422=VERTEX_POINT('',#4243);
#1423=VERTEX_POINT('',#4245);
#1424=VERTEX_POINT('',#4250);
#1425=VERTEX_POINT('',#4252);
#1426=VERTEX_POINT('',#4254);
#1427=VERTEX_POINT('',#4256);
#1428=VERTEX_POINT('',#4258);
#1429=VERTEX_POINT('',#4260);
#1430=VERTEX_POINT('',#4262);
#1431=VERTEX_POINT('',#4264);
#1432=VERTEX_POINT('',#4268);
#1433=VERTEX_POINT('',#4269);
#1434=VERTEX_POINT('',#4271);
#1435=VERTEX_POINT('',#4273);
#1436=VERTEX_POINT('',#4277);
#1437=VERTEX_POINT('',#4278);
#1438=VERTEX_POINT('',#4280);
#1439=VERTEX_POINT('',#4282);
#1440=VERTEX_POINT('',#4286);
#1441=VERTEX_POINT('',#4287);
#1442=VERTEX_POINT('',#4289);
#1443=VERTEX_POINT('',#4291);
#1444=VERTEX_POINT('',#4295);
#1445=VERTEX_POINT('',#4296);
#1446=VERTEX_POINT('',#4298);
#1447=VERTEX_POINT('',#4300);
#1448=VERTEX_POINT('',#4304);
#1449=VERTEX_POINT('',#4306);
#1450=VERTEX_POINT('',#4310);
#1451=VERTEX_POINT('',#4312);
#1452=VERTEX_POINT('',#4316);
#1453=VERTEX_POINT('',#4317);
#1454=VERTEX_POINT('',#4322);
#1455=VERTEX_POINT('',#4324);
#1456=VERTEX_POINT('',#4334);
#1457=VERTEX_POINT('',#4336);
#1458=VERTEX_POINT('',#4340);
#1459=VERTEX_POINT('',#4342);
#1460=VERTEX_POINT('',#4346);
#1461=VERTEX_POINT('',#4347);
#1462=VERTEX_POINT('',#4352);
#1463=VERTEX_POINT('',#4354);
#1464=VERTEX_POINT('',#4364);
#1465=VERTEX_POINT('',#4366);
#1466=VERTEX_POINT('',#4370);
#1467=VERTEX_POINT('',#4372);
#1468=VERTEX_POINT('',#4376);
#1469=VERTEX_POINT('',#4380);
#1470=VERTEX_POINT('',#4386);
#1471=VERTEX_POINT('',#4390);
#1472=VERTEX_POINT('',#4396);
#1473=VERTEX_POINT('',#4398);
#1474=VERTEX_POINT('',#4402);
#1475=VERTEX_POINT('',#4404);
#1476=VERTEX_POINT('',#4408);
#1477=VERTEX_POINT('',#4412);
#1478=VERTEX_POINT('',#4418);
#1479=VERTEX_POINT('',#4422);
#1480=VERTEX_POINT('',#4449);
#1481=VERTEX_POINT('',#4451);
#1482=VERTEX_POINT('',#4455);
#1483=VERTEX_POINT('',#4459);
#1484=VERTEX_POINT('',#4466);
#1485=VERTEX_POINT('',#4468);
#1486=VERTEX_POINT('',#4472);
#1487=VERTEX_POINT('',#4476);
#1488=VERTEX_POINT('',#4483);
#1489=VERTEX_POINT('',#4485);
#1490=VERTEX_POINT('',#4489);
#1491=VERTEX_POINT('',#4493);
#1492=VERTEX_POINT('',#4500);
#1493=VERTEX_POINT('',#4502);
#1494=VERTEX_POINT('',#4506);
#1495=VERTEX_POINT('',#4510);
#1496=LINE('',#3733,#1852);
#1497=LINE('',#3736,#1853);
#1498=LINE('',#3738,#1854);
#1499=LINE('',#3740,#1855);
#1500=LINE('',#3742,#1856);
#1501=LINE('',#3744,#1857);
#1502=LINE('',#3746,#1858);
#1503=LINE('',#3748,#1859);
#1504=LINE('',#3750,#1860);
#1505=LINE('',#3752,#1861);
#1506=LINE('',#3754,#1862);
#1507=LINE('',#3756,#1863);
#1508=LINE('',#3758,#1864);
#1509=LINE('',#3760,#1865);
#1510=LINE('',#3762,#1866);
#1511=LINE('',#3764,#1867);
#1512=LINE('',#3766,#1868);
#1513=LINE('',#3768,#1869);
#1514=LINE('',#3770,#1870);
#1515=LINE('',#3772,#1871);
#1516=LINE('',#3774,#1872);
#1517=LINE('',#3776,#1873);
#1518=LINE('',#3778,#1874);
#1519=LINE('',#3780,#1875);
#1520=LINE('',#3782,#1876);
#1521=LINE('',#3784,#1877);
#1522=LINE('',#3786,#1878);
#1523=LINE('',#3788,#1879);
#1524=LINE('',#3790,#1880);
#1525=LINE('',#3793,#1881);
#1526=LINE('',#3795,#1882);
#1527=LINE('',#3797,#1883);
#1528=LINE('',#3799,#1884);
#1529=LINE('',#3802,#1885);
#1530=LINE('',#3804,#1886);
#1531=LINE('',#3806,#1887);
#1532=LINE('',#3808,#1888);
#1533=LINE('',#3811,#1889);
#1534=LINE('',#3813,#1890);
#1535=LINE('',#3815,#1891);
#1536=LINE('',#3817,#1892);
#1537=LINE('',#3820,#1893);
#1538=LINE('',#3822,#1894);
#1539=LINE('',#3824,#1895);
#1540=LINE('',#3825,#1896);
#1541=LINE('',#3827,#1897);
#1542=LINE('',#3829,#1898);
#1543=LINE('',#3831,#1899);
#1544=LINE('',#3834,#1900);
#1545=LINE('',#3836,#1901);
#1546=LINE('',#3838,#1902);
#1547=LINE('',#3839,#1903);
#1548=LINE('',#3841,#1904);
#1549=LINE('',#3843,#1905);
#1550=LINE('',#3845,#1906);
#1551=LINE('',#3848,#1907);
#1552=LINE('',#3850,#1908);
#1553=LINE('',#3852,#1909);
#1554=LINE('',#3853,#1910);
#1555=LINE('',#3855,#1911);
#1556=LINE('',#3857,#1912);
#1557=LINE('',#3859,#1913);
#1558=LINE('',#3862,#1914);
#1559=LINE('',#3864,#1915);
#1560=LINE('',#3866,#1916);
#1561=LINE('',#3867,#1917);
#1562=LINE('',#3869,#1918);
#1563=LINE('',#3871,#1919);
#1564=LINE('',#3873,#1920);
#1565=LINE('',#3876,#1921);
#1566=LINE('',#3878,#1922);
#1567=LINE('',#3880,#1923);
#1568=LINE('',#3881,#1924);
#1569=LINE('',#3883,#1925);
#1570=LINE('',#3885,#1926);
#1571=LINE('',#3887,#1927);
#1572=LINE('',#3890,#1928);
#1573=LINE('',#3892,#1929);
#1574=LINE('',#3894,#1930);
#1575=LINE('',#3895,#1931);
#1576=LINE('',#3897,#1932);
#1577=LINE('',#3899,#1933);
#1578=LINE('',#3901,#1934);
#1579=LINE('',#3904,#1935);
#1580=LINE('',#3906,#1936);
#1581=LINE('',#3908,#1937);
#1582=LINE('',#3909,#1938);
#1583=LINE('',#3911,#1939);
#1584=LINE('',#3913,#1940);
#1585=LINE('',#3915,#1941);
#1586=LINE('',#3918,#1942);
#1587=LINE('',#3920,#1943);
#1588=LINE('',#3922,#1944);
#1589=LINE('',#3923,#1945);
#1590=LINE('',#3925,#1946);
#1591=LINE('',#3927,#1947);
#1592=LINE('',#3929,#1948);
#1593=LINE('',#3930,#1949);
#1594=LINE('',#3932,#1950);
#1595=LINE('',#3933,#1951);
#1596=LINE('',#3935,#1952);
#1597=LINE('',#3936,#1953);
#1598=LINE('',#3938,#1954);
#1599=LINE('',#3939,#1955);
#1600=LINE('',#3942,#1956);
#1601=LINE('',#3943,#1957);
#1602=LINE('',#3945,#1958);
#1603=LINE('',#3947,#1959);
#1604=LINE('',#3949,#1960);
#1605=LINE('',#3950,#1961);
#1606=LINE('',#3952,#1962);
#1607=LINE('',#3954,#1963);
#1608=LINE('',#3956,#1964);
#1609=LINE('',#3957,#1965);
#1610=LINE('',#3959,#1966);
#1611=LINE('',#3961,#1967);
#1612=LINE('',#3963,#1968);
#1613=LINE('',#3964,#1969);
#1614=LINE('',#3966,#1970);
#1615=LINE('',#3968,#1971);
#1616=LINE('',#3975,#1972);
#1617=LINE('',#3976,#1973);
#1618=LINE('',#3978,#1974);
#1619=LINE('',#3979,#1975);
#1620=LINE('',#3981,#1976);
#1621=LINE('',#3982,#1977);
#1622=LINE('',#3984,#1978);
#1623=LINE('',#3985,#1979);
#1624=LINE('',#3987,#1980);
#1625=LINE('',#3988,#1981);
#1626=LINE('',#3990,#1982);
#1627=LINE('',#3991,#1983);
#1628=LINE('',#4000,#1984);
#1629=LINE('',#4003,#1985);
#1630=LINE('',#4005,#1986);
#1631=LINE('',#4007,#1987);
#1632=LINE('',#4009,#1988);
#1633=LINE('',#4011,#1989);
#1634=LINE('',#4013,#1990);
#1635=LINE('',#4015,#1991);
#1636=LINE('',#4017,#1992);
#1637=LINE('',#4019,#1993);
#1638=LINE('',#4021,#1994);
#1639=LINE('',#4023,#1995);
#1640=LINE('',#4025,#1996);
#1641=LINE('',#4027,#1997);
#1642=LINE('',#4029,#1998);
#1643=LINE('',#4031,#1999);
#1644=LINE('',#4033,#2000);
#1645=LINE('',#4036,#2001);
#1646=LINE('',#4038,#2002);
#1647=LINE('',#4040,#2003);
#1648=LINE('',#4042,#2004);
#1649=LINE('',#4044,#2005);
#1650=LINE('',#4046,#2006);
#1651=LINE('',#4048,#2007);
#1652=LINE('',#4050,#2008);
#1653=LINE('',#4052,#2009);
#1654=LINE('',#4054,#2010);
#1655=LINE('',#4056,#2011);
#1656=LINE('',#4058,#2012);
#1657=LINE('',#4060,#2013);
#1658=LINE('',#4062,#2014);
#1659=LINE('',#4064,#2015);
#1660=LINE('',#4066,#2016);
#1661=LINE('',#4067,#2017);
#1662=LINE('',#4069,#2018);
#1663=LINE('',#4070,#2019);
#1664=LINE('',#4072,#2020);
#1665=LINE('',#4073,#2021);
#1666=LINE('',#4075,#2022);
#1667=LINE('',#4077,#2023);
#1668=LINE('',#4079,#2024);
#1669=LINE('',#4080,#2025);
#1670=LINE('',#4082,#2026);
#1671=LINE('',#4084,#2027);
#1672=LINE('',#4086,#2028);
#1673=LINE('',#4087,#2029);
#1674=LINE('',#4089,#2030);
#1675=LINE('',#4091,#2031);
#1676=LINE('',#4093,#2032);
#1677=LINE('',#4095,#2033);
#1678=LINE('',#4097,#2034);
#1679=LINE('',#4099,#2035);
#1680=LINE('',#4101,#2036);
#1681=LINE('',#4103,#2037);
#1682=LINE('',#4105,#2038);
#1683=LINE('',#4107,#2039);
#1684=LINE('',#4110,#2040);
#1685=LINE('',#4112,#2041);
#1686=LINE('',#4114,#2042);
#1687=LINE('',#4116,#2043);
#1688=LINE('',#4118,#2044);
#1689=LINE('',#4120,#2045);
#1690=LINE('',#4122,#2046);
#1691=LINE('',#4124,#2047);
#1692=LINE('',#4127,#2048);
#1693=LINE('',#4129,#2049);
#1694=LINE('',#4131,#2050);
#1695=LINE('',#4133,#2051);
#1696=LINE('',#4135,#2052);
#1697=LINE('',#4137,#2053);
#1698=LINE('',#4139,#2054);
#1699=LINE('',#4141,#2055);
#1700=LINE('',#4144,#2056);
#1701=LINE('',#4146,#2057);
#1702=LINE('',#4148,#2058);
#1703=LINE('',#4150,#2059);
#1704=LINE('',#4152,#2060);
#1705=LINE('',#4154,#2061);
#1706=LINE('',#4156,#2062);
#1707=LINE('',#4158,#2063);
#1708=LINE('',#4163,#2064);
#1709=LINE('',#4166,#2065);
#1710=LINE('',#4168,#2066);
#1711=LINE('',#4170,#2067);
#1712=LINE('',#4172,#2068);
#1713=LINE('',#4174,#2069);
#1714=LINE('',#4176,#2070);
#1715=LINE('',#4178,#2071);
#1716=LINE('',#4180,#2072);
#1717=LINE('',#4182,#2073);
#1718=LINE('',#4184,#2074);
#1719=LINE('',#4186,#2075);
#1720=LINE('',#4188,#2076);
#1721=LINE('',#4190,#2077);
#1722=LINE('',#4192,#2078);
#1723=LINE('',#4194,#2079);
#1724=LINE('',#4196,#2080);
#1725=LINE('',#4199,#2081);
#1726=LINE('',#4201,#2082);
#1727=LINE('',#4203,#2083);
#1728=LINE('',#4205,#2084);
#1729=LINE('',#4207,#2085);
#1730=LINE('',#4209,#2086);
#1731=LINE('',#4211,#2087);
#1732=LINE('',#4213,#2088);
#1733=LINE('',#4215,#2089);
#1734=LINE('',#4217,#2090);
#1735=LINE('',#4219,#2091);
#1736=LINE('',#4221,#2092);
#1737=LINE('',#4223,#2093);
#1738=LINE('',#4225,#2094);
#1739=LINE('',#4227,#2095);
#1740=LINE('',#4229,#2096);
#1741=LINE('',#4232,#2097);
#1742=LINE('',#4236,#2098);
#1743=LINE('',#4238,#2099);
#1744=LINE('',#4240,#2100);
#1745=LINE('',#4244,#2101);
#1746=LINE('',#4248,#2102);
#1747=LINE('',#4251,#2103);
#1748=LINE('',#4255,#2104);
#1749=LINE('',#4257,#2105);
#1750=LINE('',#4259,#2106);
#1751=LINE('',#4263,#2107);
#1752=LINE('',#4267,#2108);
#1753=LINE('',#4270,#2109);
#1754=LINE('',#4272,#2110);
#1755=LINE('',#4274,#2111);
#1756=LINE('',#4276,#2112);
#1757=LINE('',#4279,#2113);
#1758=LINE('',#4281,#2114);
#1759=LINE('',#4283,#2115);
#1760=LINE('',#4285,#2116);
#1761=LINE('',#4288,#2117);
#1762=LINE('',#4290,#2118);
#1763=LINE('',#4292,#2119);
#1764=LINE('',#4294,#2120);
#1765=LINE('',#4297,#2121);
#1766=LINE('',#4299,#2122);
#1767=LINE('',#4301,#2123);
#1768=LINE('',#4307,#2124);
#1769=LINE('',#4311,#2125);
#1770=LINE('',#4315,#2126);
#1771=LINE('',#4318,#2127);
#1772=LINE('',#4319,#2128);
#1773=LINE('',#4321,#2129);
#1774=LINE('',#4323,#2130);
#1775=LINE('',#4325,#2131);
#1776=LINE('',#4337,#2132);
#1777=LINE('',#4341,#2133);
#1778=LINE('',#4345,#2134);
#1779=LINE('',#4348,#2135);
#1780=LINE('',#4349,#2136);
#1781=LINE('',#4351,#2137);
#1782=LINE('',#4353,#2138);
#1783=LINE('',#4355,#2139);
#1784=LINE('',#4363,#2140);
#1785=LINE('',#4365,#2141);
#1786=LINE('',#4367,#2142);
#1787=LINE('',#4369,#2143);
#1788=LINE('',#4371,#2144);
#1789=LINE('',#4373,#2145);
#1790=LINE('',#4377,#2146);
#1791=LINE('',#4379,#2147);
#1792=LINE('',#4381,#2148);
#1793=LINE('',#4387,#2149);
#1794=LINE('',#4389,#2150);
#1795=LINE('',#4391,#2151);
#1796=LINE('',#4395,#2152);
#1797=LINE('',#4397,#2153);
#1798=LINE('',#4399,#2154);
#1799=LINE('',#4401,#2155);
#1800=LINE('',#4403,#2156);
#1801=LINE('',#4405,#2157);
#1802=LINE('',#4409,#2158);
#1803=LINE('',#4411,#2159);
#1804=LINE('',#4413,#2160);
#1805=LINE('',#4419,#2161);
#1806=LINE('',#4421,#2162);
#1807=LINE('',#4423,#2163);
#1808=LINE('',#4427,#2164);
#1809=LINE('',#4428,#2165);
#1810=LINE('',#4430,#2166);
#1811=LINE('',#4432,#2167);
#1812=LINE('',#4434,#2168);
#1813=LINE('',#4435,#2169);
#1814=LINE('',#4437,#2170);
#1815=LINE('',#4439,#2171);
#1816=LINE('',#4441,#2172);
#1817=LINE('',#4442,#2173);
#1818=LINE('',#4444,#2174);
#1819=LINE('',#4446,#2175);
#1820=LINE('',#4448,#2176);
#1821=LINE('',#4450,#2177);
#1822=LINE('',#4452,#2178);
#1823=LINE('',#4454,#2179);
#1824=LINE('',#4456,#2180);
#1825=LINE('',#4458,#2181);
#1826=LINE('',#4460,#2182);
#1827=LINE('',#4462,#2183);
#1828=LINE('',#4465,#2184);
#1829=LINE('',#4467,#2185);
#1830=LINE('',#4469,#2186);
#1831=LINE('',#4471,#2187);
#1832=LINE('',#4473,#2188);
#1833=LINE('',#4475,#2189);
#1834=LINE('',#4477,#2190);
#1835=LINE('',#4479,#2191);
#1836=LINE('',#4482,#2192);
#1837=LINE('',#4484,#2193);
#1838=LINE('',#4486,#2194);
#1839=LINE('',#4488,#2195);
#1840=LINE('',#4490,#2196);
#1841=LINE('',#4492,#2197);
#1842=LINE('',#4494,#2198);
#1843=LINE('',#4496,#2199);
#1844=LINE('',#4499,#2200);
#1845=LINE('',#4501,#2201);
#1846=LINE('',#4503,#2202);
#1847=LINE('',#4505,#2203);
#1848=LINE('',#4507,#2204);
#1849=LINE('',#4509,#2205);
#1850=LINE('',#4511,#2206);
#1851=LINE('',#4513,#2207);
#1852=VECTOR('',#3015,39.3700787401575);
#1853=VECTOR('',#3016,39.3700787401575);
#1854=VECTOR('',#3017,39.3700787401575);
#1855=VECTOR('',#3018,39.3700787401575);
#1856=VECTOR('',#3019,39.3700787401575);
#1857=VECTOR('',#3020,39.3700787401575);
#1858=VECTOR('',#3021,39.3700787401575);
#1859=VECTOR('',#3022,39.3700787401575);
#1860=VECTOR('',#3023,39.3700787401575);
#1861=VECTOR('',#3024,39.3700787401575);
#1862=VECTOR('',#3025,39.3700787401575);
#1863=VECTOR('',#3026,39.3700787401575);
#1864=VECTOR('',#3027,39.3700787401575);
#1865=VECTOR('',#3028,39.3700787401575);
#1866=VECTOR('',#3029,39.3700787401575);
#1867=VECTOR('',#3030,39.3700787401575);
#1868=VECTOR('',#3031,39.3700787401575);
#1869=VECTOR('',#3032,39.3700787401575);
#1870=VECTOR('',#3033,39.3700787401575);
#1871=VECTOR('',#3034,39.3700787401575);
#1872=VECTOR('',#3035,39.3700787401575);
#1873=VECTOR('',#3036,39.3700787401575);
#1874=VECTOR('',#3037,39.3700787401575);
#1875=VECTOR('',#3038,39.3700787401575);
#1876=VECTOR('',#3039,39.3700787401575);
#1877=VECTOR('',#3040,39.3700787401575);
#1878=VECTOR('',#3041,39.3700787401575);
#1879=VECTOR('',#3042,39.3700787401575);
#1880=VECTOR('',#3045,39.3700787401575);
#1881=VECTOR('',#3046,39.3700787401575);
#1882=VECTOR('',#3047,39.3700787401575);
#1883=VECTOR('',#3048,39.3700787401575);
#1884=VECTOR('',#3051,39.3700787401575);
#1885=VECTOR('',#3052,39.3700787401575);
#1886=VECTOR('',#3053,39.3700787401575);
#1887=VECTOR('',#3054,39.3700787401575);
#1888=VECTOR('',#3057,39.3700787401575);
#1889=VECTOR('',#3058,39.3700787401575);
#1890=VECTOR('',#3059,39.3700787401575);
#1891=VECTOR('',#3060,39.3700787401575);
#1892=VECTOR('',#3063,39.3700787401575);
#1893=VECTOR('',#3064,39.3700787401575);
#1894=VECTOR('',#3065,39.3700787401575);
#1895=VECTOR('',#3066,39.3700787401575);
#1896=VECTOR('',#3067,39.3700787401575);
#1897=VECTOR('',#3068,39.3700787401575);
#1898=VECTOR('',#3069,39.3700787401575);
#1899=VECTOR('',#3072,39.3700787401575);
#1900=VECTOR('',#3073,39.3700787401575);
#1901=VECTOR('',#3074,39.3700787401575);
#1902=VECTOR('',#3075,39.3700787401575);
#1903=VECTOR('',#3076,39.3700787401575);
#1904=VECTOR('',#3077,39.3700787401575);
#1905=VECTOR('',#3078,39.3700787401575);
#1906=VECTOR('',#3081,39.3700787401575);
#1907=VECTOR('',#3082,39.3700787401575);
#1908=VECTOR('',#3083,39.3700787401575);
#1909=VECTOR('',#3084,39.3700787401575);
#1910=VECTOR('',#3085,39.3700787401575);
#1911=VECTOR('',#3086,39.3700787401575);
#1912=VECTOR('',#3087,39.3700787401575);
#1913=VECTOR('',#3090,39.3700787401575);
#1914=VECTOR('',#3091,39.3700787401575);
#1915=VECTOR('',#3092,39.3700787401575);
#1916=VECTOR('',#3093,39.3700787401575);
#1917=VECTOR('',#3094,39.3700787401575);
#1918=VECTOR('',#3095,39.3700787401575);
#1919=VECTOR('',#3096,39.3700787401575);
#1920=VECTOR('',#3099,39.3700787401575);
#1921=VECTOR('',#3100,39.3700787401575);
#1922=VECTOR('',#3101,39.3700787401575);
#1923=VECTOR('',#3102,39.3700787401575);
#1924=VECTOR('',#3103,39.3700787401575);
#1925=VECTOR('',#3104,39.3700787401575);
#1926=VECTOR('',#3105,39.3700787401575);
#1927=VECTOR('',#3108,39.3700787401575);
#1928=VECTOR('',#3109,39.3700787401575);
#1929=VECTOR('',#3110,39.3700787401575);
#1930=VECTOR('',#3111,39.3700787401575);
#1931=VECTOR('',#3112,39.3700787401575);
#1932=VECTOR('',#3113,39.3700787401575);
#1933=VECTOR('',#3114,39.3700787401575);
#1934=VECTOR('',#3117,39.3700787401575);
#1935=VECTOR('',#3118,39.3700787401575);
#1936=VECTOR('',#3119,39.3700787401575);
#1937=VECTOR('',#3120,39.3700787401575);
#1938=VECTOR('',#3121,39.3700787401575);
#1939=VECTOR('',#3122,39.3700787401575);
#1940=VECTOR('',#3123,39.3700787401575);
#1941=VECTOR('',#3126,39.3700787401575);
#1942=VECTOR('',#3127,39.3700787401575);
#1943=VECTOR('',#3128,39.3700787401575);
#1944=VECTOR('',#3129,39.3700787401575);
#1945=VECTOR('',#3130,39.3700787401575);
#1946=VECTOR('',#3131,39.3700787401575);
#1947=VECTOR('',#3132,39.3700787401575);
#1948=VECTOR('',#3135,39.3700787401575);
#1949=VECTOR('',#3136,39.3700787401575);
#1950=VECTOR('',#3139,39.3700787401575);
#1951=VECTOR('',#3140,39.3700787401575);
#1952=VECTOR('',#3143,39.3700787401575);
#1953=VECTOR('',#3144,39.3700787401575);
#1954=VECTOR('',#3147,39.3700787401575);
#1955=VECTOR('',#3148,39.3700787401575);
#1956=VECTOR('',#3153,39.3700787401575);
#1957=VECTOR('',#3154,39.3700787401575);
#1958=VECTOR('',#3157,39.3700787401575);
#1959=VECTOR('',#3160,39.3700787401575);
#1960=VECTOR('',#3163,39.3700787401575);
#1961=VECTOR('',#3164,39.3700787401575);
#1962=VECTOR('',#3167,39.3700787401575);
#1963=VECTOR('',#3170,39.3700787401575);
#1964=VECTOR('',#3173,39.3700787401575);
#1965=VECTOR('',#3174,39.3700787401575);
#1966=VECTOR('',#3177,39.3700787401575);
#1967=VECTOR('',#3180,39.3700787401575);
#1968=VECTOR('',#3183,39.3700787401575);
#1969=VECTOR('',#3184,39.3700787401575);
#1970=VECTOR('',#3187,39.3700787401575);
#1971=VECTOR('',#3190,39.3700787401575);
#1972=VECTOR('',#3203,39.3700787401575);
#1973=VECTOR('',#3204,39.3700787401575);
#1974=VECTOR('',#3207,39.3700787401575);
#1975=VECTOR('',#3208,39.3700787401575);
#1976=VECTOR('',#3211,39.3700787401575);
#1977=VECTOR('',#3212,39.3700787401575);
#1978=VECTOR('',#3215,39.3700787401575);
#1979=VECTOR('',#3216,39.3700787401575);
#1980=VECTOR('',#3219,39.3700787401575);
#1981=VECTOR('',#3220,39.3700787401575);
#1982=VECTOR('',#3223,39.3700787401575);
#1983=VECTOR('',#3224,39.3700787401575);
#1984=VECTOR('',#3241,39.3700787401575);
#1985=VECTOR('',#3242,39.3700787401575);
#1986=VECTOR('',#3243,39.3700787401575);
#1987=VECTOR('',#3244,39.3700787401575);
#1988=VECTOR('',#3245,39.3700787401575);
#1989=VECTOR('',#3246,39.3700787401575);
#1990=VECTOR('',#3247,39.3700787401575);
#1991=VECTOR('',#3248,39.3700787401575);
#1992=VECTOR('',#3249,39.3700787401575);
#1993=VECTOR('',#3250,39.3700787401575);
#1994=VECTOR('',#3251,39.3700787401575);
#1995=VECTOR('',#3252,39.3700787401575);
#1996=VECTOR('',#3253,39.3700787401575);
#1997=VECTOR('',#3254,39.3700787401575);
#1998=VECTOR('',#3255,39.3700787401575);
#1999=VECTOR('',#3256,39.3700787401575);
#2000=VECTOR('',#3259,39.3700787401575);
#2001=VECTOR('',#3260,39.3700787401575);
#2002=VECTOR('',#3261,39.3700787401575);
#2003=VECTOR('',#3262,39.3700787401575);
#2004=VECTOR('',#3263,39.3700787401575);
#2005=VECTOR('',#3264,39.3700787401575);
#2006=VECTOR('',#3265,39.3700787401575);
#2007=VECTOR('',#3266,39.3700787401575);
#2008=VECTOR('',#3267,39.3700787401575);
#2009=VECTOR('',#3268,39.3700787401575);
#2010=VECTOR('',#3269,39.3700787401575);
#2011=VECTOR('',#3270,39.3700787401575);
#2012=VECTOR('',#3271,39.3700787401575);
#2013=VECTOR('',#3272,39.3700787401575);
#2014=VECTOR('',#3273,39.3700787401575);
#2015=VECTOR('',#3274,39.3700787401575);
#2016=VECTOR('',#3277,39.3700787401575);
#2017=VECTOR('',#3278,39.3700787401575);
#2018=VECTOR('',#3281,39.3700787401575);
#2019=VECTOR('',#3282,39.3700787401575);
#2020=VECTOR('',#3285,39.3700787401575);
#2021=VECTOR('',#3286,39.3700787401575);
#2022=VECTOR('',#3289,39.3700787401575);
#2023=VECTOR('',#3292,39.3700787401575);
#2024=VECTOR('',#3295,39.3700787401575);
#2025=VECTOR('',#3296,39.3700787401575);
#2026=VECTOR('',#3299,39.3700787401575);
#2027=VECTOR('',#3302,39.3700787401575);
#2028=VECTOR('',#3305,39.3700787401575);
#2029=VECTOR('',#3306,39.3700787401575);
#2030=VECTOR('',#3309,39.3700787401575);
#2031=VECTOR('',#3312,39.3700787401575);
#2032=VECTOR('',#3315,39.3700787401575);
#2033=VECTOR('',#3316,39.3700787401575);
#2034=VECTOR('',#3317,39.3700787401575);
#2035=VECTOR('',#3320,39.3700787401575);
#2036=VECTOR('',#3321,39.3700787401575);
#2037=VECTOR('',#3324,39.3700787401575);
#2038=VECTOR('',#3325,39.3700787401575);
#2039=VECTOR('',#3328,39.3700787401575);
#2040=VECTOR('',#3333,39.3700787401575);
#2041=VECTOR('',#3334,39.3700787401575);
#2042=VECTOR('',#3335,39.3700787401575);
#2043=VECTOR('',#3338,39.3700787401575);
#2044=VECTOR('',#3339,39.3700787401575);
#2045=VECTOR('',#3342,39.3700787401575);
#2046=VECTOR('',#3343,39.3700787401575);
#2047=VECTOR('',#3346,39.3700787401575);
#2048=VECTOR('',#3351,39.3700787401575);
#2049=VECTOR('',#3352,39.3700787401575);
#2050=VECTOR('',#3353,39.3700787401575);
#2051=VECTOR('',#3356,39.3700787401575);
#2052=VECTOR('',#3357,39.3700787401575);
#2053=VECTOR('',#3360,39.3700787401575);
#2054=VECTOR('',#3361,39.3700787401575);
#2055=VECTOR('',#3364,39.3700787401575);
#2056=VECTOR('',#3369,39.3700787401575);
#2057=VECTOR('',#3370,39.3700787401575);
#2058=VECTOR('',#3371,39.3700787401575);
#2059=VECTOR('',#3374,39.3700787401575);
#2060=VECTOR('',#3375,39.3700787401575);
#2061=VECTOR('',#3378,39.3700787401575);
#2062=VECTOR('',#3379,39.3700787401575);
#2063=VECTOR('',#3382,39.3700787401575);
#2064=VECTOR('',#3391,39.3700787401575);
#2065=VECTOR('',#3392,39.3700787401575);
#2066=VECTOR('',#3393,39.3700787401575);
#2067=VECTOR('',#3394,39.3700787401575);
#2068=VECTOR('',#3395,39.3700787401575);
#2069=VECTOR('',#3396,39.3700787401575);
#2070=VECTOR('',#3397,39.3700787401575);
#2071=VECTOR('',#3398,39.3700787401575);
#2072=VECTOR('',#3399,39.3700787401575);
#2073=VECTOR('',#3400,39.3700787401575);
#2074=VECTOR('',#3401,39.3700787401575);
#2075=VECTOR('',#3402,39.3700787401575);
#2076=VECTOR('',#3403,39.3700787401575);
#2077=VECTOR('',#3404,39.3700787401575);
#2078=VECTOR('',#3405,39.3700787401575);
#2079=VECTOR('',#3406,39.3700787401575);
#2080=VECTOR('',#3409,39.3700787401575);
#2081=VECTOR('',#3410,39.3700787401575);
#2082=VECTOR('',#3411,39.3700787401575);
#2083=VECTOR('',#3412,39.3700787401575);
#2084=VECTOR('',#3413,39.3700787401575);
#2085=VECTOR('',#3414,39.3700787401575);
#2086=VECTOR('',#3415,39.3700787401575);
#2087=VECTOR('',#3416,39.3700787401575);
#2088=VECTOR('',#3417,39.3700787401575);
#2089=VECTOR('',#3418,39.3700787401575);
#2090=VECTOR('',#3419,39.3700787401575);
#2091=VECTOR('',#3420,39.3700787401575);
#2092=VECTOR('',#3421,39.3700787401575);
#2093=VECTOR('',#3422,39.3700787401575);
#2094=VECTOR('',#3423,39.3700787401575);
#2095=VECTOR('',#3424,39.3700787401575);
#2096=VECTOR('',#3427,39.3700787401575);
#2097=VECTOR('',#3430,39.3700787401575);
#2098=VECTOR('',#3433,39.3700787401575);
#2099=VECTOR('',#3434,39.3700787401575);
#2100=VECTOR('',#3435,39.3700787401575);
#2101=VECTOR('',#3438,39.3700787401575);
#2102=VECTOR('',#3443,39.3700787401575);
#2103=VECTOR('',#3446,39.3700787401575);
#2104=VECTOR('',#3449,39.3700787401575);
#2105=VECTOR('',#3450,39.3700787401575);
#2106=VECTOR('',#3451,39.3700787401575);
#2107=VECTOR('',#3454,39.3700787401575);
#2108=VECTOR('',#3459,39.3700787401575);
#2109=VECTOR('',#3460,39.3700787401575);
#2110=VECTOR('',#3461,39.3700787401575);
#2111=VECTOR('',#3462,39.3700787401575);
#2112=VECTOR('',#3465,39.3700787401575);
#2113=VECTOR('',#3466,39.3700787401575);
#2114=VECTOR('',#3467,39.3700787401575);
#2115=VECTOR('',#3468,39.3700787401575);
#2116=VECTOR('',#3471,39.3700787401575);
#2117=VECTOR('',#3472,39.3700787401575);
#2118=VECTOR('',#3473,39.3700787401575);
#2119=VECTOR('',#3474,39.3700787401575);
#2120=VECTOR('',#3477,39.3700787401575);
#2121=VECTOR('',#3478,39.3700787401575);
#2122=VECTOR('',#3479,39.3700787401575);
#2123=VECTOR('',#3480,39.3700787401575);
#2124=VECTOR('',#3487,39.3700787401575);
#2125=VECTOR('',#3492,39.3700787401575);
#2126=VECTOR('',#3497,39.3700787401575);
#2127=VECTOR('',#3498,39.3700787401575);
#2128=VECTOR('',#3499,39.3700787401575);
#2129=VECTOR('',#3502,39.3700787401575);
#2130=VECTOR('',#3503,39.3700787401575);
#2131=VECTOR('',#3504,39.3700787401575);
#2132=VECTOR('',#3523,39.3700787401575);
#2133=VECTOR('',#3528,39.3700787401575);
#2134=VECTOR('',#3533,39.3700787401575);
#2135=VECTOR('',#3534,39.3700787401575);
#2136=VECTOR('',#3535,39.3700787401575);
#2137=VECTOR('',#3538,39.3700787401575);
#2138=VECTOR('',#3539,39.3700787401575);
#2139=VECTOR('',#3540,39.3700787401575);
#2140=VECTOR('',#3555,39.3700787401575);
#2141=VECTOR('',#3556,39.3700787401575);
#2142=VECTOR('',#3557,39.3700787401575);
#2143=VECTOR('',#3560,39.3700787401575);
#2144=VECTOR('',#3561,39.3700787401575);
#2145=VECTOR('',#3562,39.3700787401575);
#2146=VECTOR('',#3567,39.3700787401575);
#2147=VECTOR('',#3570,39.3700787401575);
#2148=VECTOR('',#3571,39.3700787401575);
#2149=VECTOR('',#3580,39.3700787401575);
#2150=VECTOR('',#3583,39.3700787401575);
#2151=VECTOR('',#3584,39.3700787401575);
#2152=VECTOR('',#3591,39.3700787401575);
#2153=VECTOR('',#3592,39.3700787401575);
#2154=VECTOR('',#3593,39.3700787401575);
#2155=VECTOR('',#3596,39.3700787401575);
#2156=VECTOR('',#3597,39.3700787401575);
#2157=VECTOR('',#3598,39.3700787401575);
#2158=VECTOR('',#3603,39.3700787401575);
#2159=VECTOR('',#3606,39.3700787401575);
#2160=VECTOR('',#3607,39.3700787401575);
#2161=VECTOR('',#3616,39.3700787401575);
#2162=VECTOR('',#3619,39.3700787401575);
#2163=VECTOR('',#3620,39.3700787401575);
#2164=VECTOR('',#3627,39.3700787401575);
#2165=VECTOR('',#3628,39.3700787401575);
#2166=VECTOR('',#3631,39.3700787401575);
#2167=VECTOR('',#3634,39.3700787401575);
#2168=VECTOR('',#3637,39.3700787401575);
#2169=VECTOR('',#3638,39.3700787401575);
#2170=VECTOR('',#3641,39.3700787401575);
#2171=VECTOR('',#3644,39.3700787401575);
#2172=VECTOR('',#3647,39.3700787401575);
#2173=VECTOR('',#3648,39.3700787401575);
#2174=VECTOR('',#3651,39.3700787401575);
#2175=VECTOR('',#3654,39.3700787401575);
#2176=VECTOR('',#3657,39.3700787401575);
#2177=VECTOR('',#3658,39.3700787401575);
#2178=VECTOR('',#3659,39.3700787401575);
#2179=VECTOR('',#3662,39.3700787401575);
#2180=VECTOR('',#3663,39.3700787401575);
#2181=VECTOR('',#3666,39.3700787401575);
#2182=VECTOR('',#3667,39.3700787401575);
#2183=VECTOR('',#3670,39.3700787401575);
#2184=VECTOR('',#3675,39.3700787401575);
#2185=VECTOR('',#3676,39.3700787401575);
#2186=VECTOR('',#3677,39.3700787401575);
#2187=VECTOR('',#3680,39.3700787401575);
#2188=VECTOR('',#3681,39.3700787401575);
#2189=VECTOR('',#3684,39.3700787401575);
#2190=VECTOR('',#3685,39.3700787401575);
#2191=VECTOR('',#3688,39.3700787401575);
#2192=VECTOR('',#3693,39.3700787401575);
#2193=VECTOR('',#3694,39.3700787401575);
#2194=VECTOR('',#3695,39.3700787401575);
#2195=VECTOR('',#3698,39.3700787401575);
#2196=VECTOR('',#3699,39.3700787401575);
#2197=VECTOR('',#3702,39.3700787401575);
#2198=VECTOR('',#3703,39.3700787401575);
#2199=VECTOR('',#3706,39.3700787401575);
#2200=VECTOR('',#3711,39.3700787401575);
#2201=VECTOR('',#3712,39.3700787401575);
#2202=VECTOR('',#3713,39.3700787401575);
#2203=VECTOR('',#3716,39.3700787401575);
#2204=VECTOR('',#3717,39.3700787401575);
#2205=VECTOR('',#3720,39.3700787401575);
#2206=VECTOR('',#3721,39.3700787401575);
#2207=VECTOR('',#3724,39.3700787401575);
#2208=EDGE_LOOP('',(#84,#85,#86,#87,#88,#89,#90,#91,#92,#93,#94,#95,#96,
#97,#98,#99,#100,#101,#102,#103,#104,#105,#106,#107,#108,#109,#110,#111));
#2209=EDGE_LOOP('',(#112,#113,#114,#115));
#2210=EDGE_LOOP('',(#116,#117,#118,#119));
#2211=EDGE_LOOP('',(#120,#121,#122,#123));
#2212=EDGE_LOOP('',(#124,#125,#126,#127));
#2213=EDGE_LOOP('',(#128,#129,#130,#131));
#2214=EDGE_LOOP('',(#132,#133,#134,#135));
#2215=EDGE_LOOP('',(#136,#137,#138,#139));
#2216=EDGE_LOOP('',(#140,#141,#142,#143));
#2217=EDGE_LOOP('',(#144,#145,#146,#147));
#2218=EDGE_LOOP('',(#148,#149,#150,#151));
#2219=EDGE_LOOP('',(#152,#153,#154,#155));
#2220=EDGE_LOOP('',(#156,#157,#158,#159));
#2221=EDGE_LOOP('',(#160,#161,#162,#163));
#2222=EDGE_LOOP('',(#164,#165,#166,#167));
#2223=EDGE_LOOP('',(#168,#169,#170,#171));
#2224=EDGE_LOOP('',(#172,#173,#174,#175));
#2225=EDGE_LOOP('',(#176,#177,#178,#179));
#2226=EDGE_LOOP('',(#180,#181,#182,#183));
#2227=EDGE_LOOP('',(#184,#185,#186,#187));
#2228=EDGE_LOOP('',(#188,#189,#190,#191));
#2229=EDGE_LOOP('',(#192,#193,#194,#195));
#2230=EDGE_LOOP('',(#196,#197,#198,#199));
#2231=EDGE_LOOP('',(#200,#201,#202,#203));
#2232=EDGE_LOOP('',(#204,#205,#206,#207));
#2233=EDGE_LOOP('',(#208,#209,#210,#211));
#2234=EDGE_LOOP('',(#212,#213,#214,#215));
#2235=EDGE_LOOP('',(#216,#217,#218,#219));
#2236=EDGE_LOOP('',(#220,#221,#222,#223));
#2237=EDGE_LOOP('',(#224,#225,#226,#227));
#2238=EDGE_LOOP('',(#228,#229,#230,#231));
#2239=EDGE_LOOP('',(#232,#233,#234,#235));
#2240=EDGE_LOOP('',(#236,#237,#238,#239));
#2241=EDGE_LOOP('',(#240,#241,#242,#243));
#2242=EDGE_LOOP('',(#244,#245,#246,#247));
#2243=EDGE_LOOP('',(#248,#249,#250,#251));
#2244=EDGE_LOOP('',(#252,#253,#254,#255));
#2245=EDGE_LOOP('',(#256,#257,#258,#259));
#2246=EDGE_LOOP('',(#260,#261,#262,#263));
#2247=EDGE_LOOP('',(#264,#265,#266,#267));
#2248=EDGE_LOOP('',(#268,#269,#270,#271));
#2249=EDGE_LOOP('',(#272,#273,#274,#275));
#2250=EDGE_LOOP('',(#276,#277,#278,#279,#280,#281,#282,#283));
#2251=EDGE_LOOP('',(#284,#285,#286,#287,#288,#289,#290,#291));
#2252=EDGE_LOOP('',(#292,#293,#294,#295,#296,#297,#298,#299));
#2253=EDGE_LOOP('',(#300,#301,#302,#303,#304,#305,#306,#307));
#2254=EDGE_LOOP('',(#308,#309,#310,#311,#312,#313,#314,#315));
#2255=EDGE_LOOP('',(#316,#317,#318,#319,#320,#321,#322,#323));
#2256=EDGE_LOOP('',(#324,#325,#326,#327));
#2257=EDGE_LOOP('',(#328,#329,#330,#331));
#2258=EDGE_LOOP('',(#332,#333,#334,#335));
#2259=EDGE_LOOP('',(#336,#337,#338,#339));
#2260=EDGE_LOOP('',(#340,#341,#342,#343));
#2261=EDGE_LOOP('',(#344,#345,#346,#347));
#2262=EDGE_LOOP('',(#348,#349,#350,#351,#352,#353,#354,#355,#356,#357,#358,
#359,#360,#361,#362,#363));
#2263=EDGE_LOOP('',(#364,#365,#366,#367,#368,#369,#370,#371,#372,#373,#374,
#375,#376,#377,#378,#379));
#2264=EDGE_LOOP('',(#380,#381,#382,#383));
#2265=EDGE_LOOP('',(#384,#385,#386,#387));
#2266=EDGE_LOOP('',(#388,#389,#390,#391));
#2267=EDGE_LOOP('',(#392,#393,#394,#395));
#2268=EDGE_LOOP('',(#396,#397,#398,#399));
#2269=EDGE_LOOP('',(#400,#401,#402,#403));
#2270=EDGE_LOOP('',(#404,#405,#406,#407));
#2271=EDGE_LOOP('',(#408,#409,#410,#411));
#2272=EDGE_LOOP('',(#412,#413,#414,#415));
#2273=EDGE_LOOP('',(#416,#417,#418,#419));
#2274=EDGE_LOOP('',(#420,#421,#422,#423));
#2275=EDGE_LOOP('',(#424,#425,#426,#427));
#2276=EDGE_LOOP('',(#428,#429,#430,#431));
#2277=EDGE_LOOP('',(#432,#433,#434,#435));
#2278=EDGE_LOOP('',(#436,#437,#438,#439));
#2279=EDGE_LOOP('',(#440,#441,#442,#443));
#2280=EDGE_LOOP('',(#444,#445,#446,#447));
#2281=EDGE_LOOP('',(#448,#449,#450,#451));
#2282=EDGE_LOOP('',(#452,#453,#454,#455));
#2283=EDGE_LOOP('',(#456,#457,#458,#459));
#2284=EDGE_LOOP('',(#460,#461,#462,#463));
#2285=EDGE_LOOP('',(#464,#465,#466,#467));
#2286=EDGE_LOOP('',(#468,#469,#470,#471));
#2287=EDGE_LOOP('',(#472,#473,#474,#475));
#2288=EDGE_LOOP('',(#476,#477,#478,#479));
#2289=EDGE_LOOP('',(#480,#481,#482,#483));
#2290=EDGE_LOOP('',(#484,#485,#486,#487));
#2291=EDGE_LOOP('',(#488,#489,#490,#491));
#2292=EDGE_LOOP('',(#492,#493,#494,#495));
#2293=EDGE_LOOP('',(#496,#497,#498,#499));
#2294=EDGE_LOOP('',(#500,#501,#502,#503));
#2295=EDGE_LOOP('',(#504,#505,#506,#507));
#2296=EDGE_LOOP('',(#508,#509,#510,#511,#512,#513,#514,#515,#516,#517,#518,
#519,#520,#521,#522,#523));
#2297=EDGE_LOOP('',(#524,#525,#526,#527,#528,#529,#530,#531,#532,#533,#534,
#535,#536,#537,#538,#539));
#2298=EDGE_LOOP('',(#540,#541,#542,#543,#544,#545,#546,#547,#548,#549,#550,
#551));
#2299=EDGE_LOOP('',(#552,#553,#554,#555,#556,#557,#558,#559,#560,#561,#562,
#563));
#2300=EDGE_LOOP('',(#564,#565,#566,#567));
#2301=EDGE_LOOP('',(#568,#569,#570,#571));
#2302=EDGE_LOOP('',(#572,#573,#574,#575));
#2303=EDGE_LOOP('',(#576,#577,#578,#579));
#2304=EDGE_LOOP('',(#580,#581,#582,#583));
#2305=EDGE_LOOP('',(#584,#585,#586,#587));
#2306=EDGE_LOOP('',(#588,#589,#590,#591));
#2307=EDGE_LOOP('',(#592,#593,#594,#595));
#2308=EDGE_LOOP('',(#596,#597,#598,#599));
#2309=EDGE_LOOP('',(#600,#601,#602,#603));
#2310=EDGE_LOOP('',(#604,#605,#606,#607));
#2311=EDGE_LOOP('',(#608,#609,#610,#611));
#2312=EDGE_LOOP('',(#612,#613,#614,#615));
#2313=EDGE_LOOP('',(#616,#617,#618,#619));
#2314=EDGE_LOOP('',(#620,#621,#622,#623));
#2315=EDGE_LOOP('',(#624,#625,#626,#627));
#2316=EDGE_LOOP('',(#628,#629,#630,#631));
#2317=EDGE_LOOP('',(#632,#633,#634,#635));
#2318=EDGE_LOOP('',(#636,#637,#638,#639));
#2319=EDGE_LOOP('',(#640,#641,#642,#643));
#2320=EDGE_LOOP('',(#644,#645,#646,#647));
#2321=EDGE_LOOP('',(#648,#649,#650,#651));
#2322=EDGE_LOOP('',(#652,#653,#654,#655));
#2323=EDGE_LOOP('',(#656,#657,#658,#659));
#2324=EDGE_LOOP('',(#660,#661,#662,#663));
#2325=EDGE_LOOP('',(#664,#665,#666,#667));
#2326=EDGE_LOOP('',(#668,#669,#670,#671));
#2327=EDGE_LOOP('',(#672,#673,#674,#675));
#2328=EDGE_LOOP('',(#676,#677,#678,#679));
#2329=EDGE_LOOP('',(#680,#681,#682,#683));
#2330=EDGE_LOOP('',(#684,#685,#686,#687));
#2331=EDGE_LOOP('',(#688,#689,#690,#691));
#2332=EDGE_LOOP('',(#692,#693,#694,#695));
#2333=EDGE_LOOP('',(#696,#697,#698,#699,#700,#701,#702,#703,#704,#705,#706,
#707));
#2334=EDGE_LOOP('',(#708,#709,#710,#711,#712,#713,#714,#715,#716,#717,#718,
#719));
#2335=EDGE_LOOP('',(#720,#721,#722,#723));
#2336=EDGE_LOOP('',(#724,#725,#726,#727,#728,#729,#730,#731,#732,#733,#734,
#735));
#2337=EDGE_LOOP('',(#736,#737,#738,#739,#740,#741,#742,#743,#744,#745,#746,
#747));
#2338=EDGE_LOOP('',(#748,#749,#750,#751));
#2339=EDGE_LOOP('',(#752,#753,#754,#755,#756,#757,#758,#759,#760,#761,#762,
#763));
#2340=EDGE_LOOP('',(#764,#765,#766,#767,#768,#769,#770,#771,#772,#773,#774,
#775));
#2341=EDGE_LOOP('',(#776,#777,#778,#779));
#2342=EDGE_LOOP('',(#780,#781,#782,#783));
#2343=EDGE_LOOP('',(#784,#785,#786,#787));
#2344=EDGE_LOOP('',(#788,#789,#790,#791));
#2345=EDGE_LOOP('',(#792,#793,#794,#795));
#2346=EDGE_LOOP('',(#796,#797,#798,#799));
#2347=EDGE_LOOP('',(#800,#801,#802,#803));
#2348=EDGE_LOOP('',(#804,#805,#806,#807));
#2349=EDGE_LOOP('',(#808,#809,#810,#811));
#2350=EDGE_LOOP('',(#812,#813,#814,#815));
#2351=EDGE_LOOP('',(#816,#817,#818,#819));
#2352=EDGE_LOOP('',(#820,#821,#822,#823));
#2353=EDGE_LOOP('',(#824,#825,#826,#827));
#2354=EDGE_LOOP('',(#828,#829,#830,#831));
#2355=EDGE_LOOP('',(#832,#833,#834,#835));
#2356=EDGE_LOOP('',(#836,#837,#838,#839));
#2357=EDGE_LOOP('',(#840,#841,#842,#843));
#2358=EDGE_LOOP('',(#844,#845,#846,#847));
#2359=EDGE_LOOP('',(#848,#849,#850,#851));
#2360=EDGE_LOOP('',(#852,#853,#854,#855));
#2361=EDGE_LOOP('',(#856,#857,#858,#859));
#2362=FACE_BOUND('',#2208,.T.);
#2363=FACE_BOUND('',#2209,.T.);
#2364=FACE_BOUND('',#2210,.T.);
#2365=FACE_BOUND('',#2211,.T.);
#2366=FACE_BOUND('',#2212,.T.);
#2367=FACE_BOUND('',#2213,.T.);
#2368=FACE_BOUND('',#2214,.T.);
#2369=FACE_BOUND('',#2215,.T.);
#2370=FACE_BOUND('',#2216,.T.);
#2371=FACE_BOUND('',#2217,.T.);
#2372=FACE_BOUND('',#2218,.T.);
#2373=FACE_BOUND('',#2219,.T.);
#2374=FACE_BOUND('',#2220,.T.);
#2375=FACE_BOUND('',#2221,.T.);
#2376=FACE_BOUND('',#2222,.T.);
#2377=FACE_BOUND('',#2223,.T.);
#2378=FACE_BOUND('',#2224,.T.);
#2379=FACE_BOUND('',#2225,.T.);
#2380=FACE_BOUND('',#2226,.T.);
#2381=FACE_BOUND('',#2227,.T.);
#2382=FACE_BOUND('',#2228,.T.);
#2383=FACE_BOUND('',#2229,.T.);
#2384=FACE_BOUND('',#2230,.T.);
#2385=FACE_BOUND('',#2231,.T.);
#2386=FACE_BOUND('',#2232,.T.);
#2387=FACE_BOUND('',#2233,.T.);
#2388=FACE_BOUND('',#2234,.T.);
#2389=FACE_BOUND('',#2235,.T.);
#2390=FACE_BOUND('',#2236,.T.);
#2391=FACE_BOUND('',#2237,.T.);
#2392=FACE_BOUND('',#2238,.T.);
#2393=FACE_BOUND('',#2239,.T.);
#2394=FACE_BOUND('',#2240,.T.);
#2395=FACE_BOUND('',#2241,.T.);
#2396=FACE_BOUND('',#2242,.T.);
#2397=FACE_BOUND('',#2243,.T.);
#2398=FACE_BOUND('',#2244,.T.);
#2399=FACE_BOUND('',#2245,.T.);
#2400=FACE_BOUND('',#2246,.T.);
#2401=FACE_BOUND('',#2247,.T.);
#2402=FACE_BOUND('',#2248,.T.);
#2403=FACE_BOUND('',#2249,.T.);
#2404=FACE_BOUND('',#2250,.T.);
#2405=FACE_BOUND('',#2251,.T.);
#2406=FACE_BOUND('',#2252,.T.);
#2407=FACE_BOUND('',#2253,.T.);
#2408=FACE_BOUND('',#2254,.T.);
#2409=FACE_BOUND('',#2255,.T.);
#2410=FACE_BOUND('',#2256,.T.);
#2411=FACE_BOUND('',#2257,.T.);
#2412=FACE_BOUND('',#2258,.T.);
#2413=FACE_BOUND('',#2259,.T.);
#2414=FACE_BOUND('',#2260,.T.);
#2415=FACE_BOUND('',#2261,.T.);
#2416=FACE_BOUND('',#2262,.T.);
#2417=FACE_BOUND('',#2263,.T.);
#2418=FACE_BOUND('',#2264,.T.);
#2419=FACE_BOUND('',#2265,.T.);
#2420=FACE_BOUND('',#2266,.T.);
#2421=FACE_BOUND('',#2267,.T.);
#2422=FACE_BOUND('',#2268,.T.);
#2423=FACE_BOUND('',#2269,.T.);
#2424=FACE_BOUND('',#2270,.T.);
#2425=FACE_BOUND('',#2271,.T.);
#2426=FACE_BOUND('',#2272,.T.);
#2427=FACE_BOUND('',#2273,.T.);
#2428=FACE_BOUND('',#2274,.T.);
#2429=FACE_BOUND('',#2275,.T.);
#2430=FACE_BOUND('',#2276,.T.);
#2431=FACE_BOUND('',#2277,.T.);
#2432=FACE_BOUND('',#2278,.T.);
#2433=FACE_BOUND('',#2279,.T.);
#2434=FACE_BOUND('',#2280,.T.);
#2435=FACE_BOUND('',#2281,.T.);
#2436=FACE_BOUND('',#2282,.T.);
#2437=FACE_BOUND('',#2283,.T.);
#2438=FACE_BOUND('',#2284,.T.);
#2439=FACE_BOUND('',#2285,.T.);
#2440=FACE_BOUND('',#2286,.T.);
#2441=FACE_BOUND('',#2287,.T.);
#2442=FACE_BOUND('',#2288,.T.);
#2443=FACE_BOUND('',#2289,.T.);
#2444=FACE_BOUND('',#2290,.T.);
#2445=FACE_BOUND('',#2291,.T.);
#2446=FACE_BOUND('',#2292,.T.);
#2447=FACE_BOUND('',#2293,.T.);
#2448=FACE_BOUND('',#2294,.T.);
#2449=FACE_BOUND('',#2295,.T.);
#2450=FACE_BOUND('',#2296,.T.);
#2451=FACE_BOUND('',#2297,.T.);
#2452=FACE_BOUND('',#2298,.T.);
#2453=FACE_BOUND('',#2299,.T.);
#2454=FACE_BOUND('',#2300,.T.);
#2455=FACE_BOUND('',#2301,.T.);
#2456=FACE_BOUND('',#2302,.T.);
#2457=FACE_BOUND('',#2303,.T.);
#2458=FACE_BOUND('',#2304,.T.);
#2459=FACE_BOUND('',#2305,.T.);
#2460=FACE_BOUND('',#2306,.T.);
#2461=FACE_BOUND('',#2307,.T.);
#2462=FACE_BOUND('',#2308,.T.);
#2463=FACE_BOUND('',#2309,.T.);
#2464=FACE_BOUND('',#2310,.T.);
#2465=FACE_BOUND('',#2311,.T.);
#2466=FACE_BOUND('',#2312,.T.);
#2467=FACE_BOUND('',#2313,.T.);
#2468=FACE_BOUND('',#2314,.T.);
#2469=FACE_BOUND('',#2315,.T.);
#2470=FACE_BOUND('',#2316,.T.);
#2471=FACE_BOUND('',#2317,.T.);
#2472=FACE_BOUND('',#2318,.T.);
#2473=FACE_BOUND('',#2319,.T.);
#2474=FACE_BOUND('',#2320,.T.);
#2475=FACE_BOUND('',#2321,.T.);
#2476=FACE_BOUND('',#2322,.T.);
#2477=FACE_BOUND('',#2323,.T.);
#2478=FACE_BOUND('',#2324,.T.);
#2479=FACE_BOUND('',#2325,.T.);
#2480=FACE_BOUND('',#2326,.T.);
#2481=FACE_BOUND('',#2327,.T.);
#2482=FACE_BOUND('',#2328,.T.);
#2483=FACE_BOUND('',#2329,.T.);
#2484=FACE_BOUND('',#2330,.T.);
#2485=FACE_BOUND('',#2331,.T.);
#2486=FACE_BOUND('',#2332,.T.);
#2487=FACE_BOUND('',#2333,.T.);
#2488=FACE_BOUND('',#2334,.T.);
#2489=FACE_BOUND('',#2335,.T.);
#2490=FACE_BOUND('',#2336,.T.);
#2491=FACE_BOUND('',#2337,.T.);
#2492=FACE_BOUND('',#2338,.T.);
#2493=FACE_BOUND('',#2339,.T.);
#2494=FACE_BOUND('',#2340,.T.);
#2495=FACE_BOUND('',#2341,.T.);
#2496=FACE_BOUND('',#2342,.T.);
#2497=FACE_BOUND('',#2343,.T.);
#2498=FACE_BOUND('',#2344,.T.);
#2499=FACE_BOUND('',#2345,.T.);
#2500=FACE_BOUND('',#2346,.T.);
#2501=FACE_BOUND('',#2347,.T.);
#2502=FACE_BOUND('',#2348,.T.);
#2503=FACE_BOUND('',#2349,.T.);
#2504=FACE_BOUND('',#2350,.T.);
#2505=FACE_BOUND('',#2351,.T.);
#2506=FACE_BOUND('',#2352,.T.);
#2507=FACE_BOUND('',#2353,.T.);
#2508=FACE_BOUND('',#2354,.T.);
#2509=FACE_BOUND('',#2355,.T.);
#2510=FACE_BOUND('',#2356,.T.);
#2511=FACE_BOUND('',#2357,.T.);
#2512=FACE_BOUND('',#2358,.T.);
#2513=FACE_BOUND('',#2359,.T.);
#2514=FACE_BOUND('',#2360,.T.);
#2515=FACE_BOUND('',#2361,.T.);
#2516=PLANE('',#2830);
#2517=PLANE('',#2831);
#2518=PLANE('',#2832);
#2519=PLANE('',#2833);
#2520=PLANE('',#2834);
#2521=PLANE('',#2835);
#2522=PLANE('',#2836);
#2523=PLANE('',#2837);
#2524=PLANE('',#2838);
#2525=PLANE('',#2839);
#2526=PLANE('',#2840);
#2527=PLANE('',#2841);
#2528=PLANE('',#2842);
#2529=PLANE('',#2843);
#2530=PLANE('',#2844);
#2531=PLANE('',#2845);
#2532=PLANE('',#2846);
#2533=PLANE('',#2847);
#2534=PLANE('',#2848);
#2535=PLANE('',#2849);
#2536=PLANE('',#2850);
#2537=PLANE('',#2851);
#2538=PLANE('',#2852);
#2539=PLANE('',#2853);
#2540=PLANE('',#2854);
#2541=PLANE('',#2855);
#2542=PLANE('',#2856);
#2543=PLANE('',#2857);
#2544=PLANE('',#2858);
#2545=PLANE('',#2859);
#2546=PLANE('',#2860);
#2547=PLANE('',#2861);
#2548=PLANE('',#2862);
#2549=PLANE('',#2863);
#2550=PLANE('',#2864);
#2551=PLANE('',#2865);
#2552=PLANE('',#2866);
#2553=PLANE('',#2867);
#2554=PLANE('',#2868);
#2555=PLANE('',#2869);
#2556=PLANE('',#2870);
#2557=PLANE('',#2871);
#2558=PLANE('',#2872);
#2559=PLANE('',#2873);
#2560=PLANE('',#2874);
#2561=PLANE('',#2875);
#2562=PLANE('',#2877);
#2563=PLANE('',#2878);
#2564=PLANE('',#2879);
#2565=PLANE('',#2880);
#2566=PLANE('',#2881);
#2567=PLANE('',#2882);
#2568=PLANE('',#2883);
#2569=PLANE('',#2884);
#2570=PLANE('',#2885);
#2571=PLANE('',#2886);
#2572=PLANE('',#2887);
#2573=PLANE('',#2888);
#2574=PLANE('',#2889);
#2575=PLANE('',#2890);
#2576=PLANE('',#2891);
#2577=PLANE('',#2892);
#2578=PLANE('',#2893);
#2579=PLANE('',#2894);
#2580=PLANE('',#2895);
#2581=PLANE('',#2896);
#2582=PLANE('',#2897);
#2583=PLANE('',#2898);
#2584=PLANE('',#2899);
#2585=PLANE('',#2900);
#2586=PLANE('',#2901);
#2587=PLANE('',#2902);
#2588=PLANE('',#2903);
#2589=PLANE('',#2904);
#2590=PLANE('',#2905);
#2591=PLANE('',#2906);
#2592=PLANE('',#2907);
#2593=PLANE('',#2908);
#2594=PLANE('',#2909);
#2595=PLANE('',#2910);
#2596=PLANE('',#2912);
#2597=PLANE('',#2913);
#2598=PLANE('',#2914);
#2599=PLANE('',#2919);
#2600=PLANE('',#2924);
#2601=PLANE('',#2925);
#2602=PLANE('',#2926);
#2603=PLANE('',#2927);
#2604=PLANE('',#2934);
#2605=PLANE('',#2935);
#2606=PLANE('',#2948);
#2607=PLANE('',#2949);
#2608=PLANE('',#2956);
#2609=PLANE('',#2957);
#2610=PLANE('',#2960);
#2611=PLANE('',#2965);
#2612=PLANE('',#2968);
#2613=PLANE('',#2969);
#2614=PLANE('',#2972);
#2615=PLANE('',#2977);
#2616=PLANE('',#2980);
#2617=PLANE('',#2981);
#2618=PLANE('',#2982);
#2619=PLANE('',#2983);
#2620=PLANE('',#2984);
#2621=PLANE('',#2985);
#2622=PLANE('',#2986);
#2623=PLANE('',#2987);
#2624=PLANE('',#2988);
#2625=PLANE('',#2989);
#2626=PLANE('',#2990);
#2627=PLANE('',#2991);
#2628=PLANE('',#2992);
#2629=PLANE('',#2993);
#2630=PLANE('',#2994);
#2631=PLANE('',#2995);
#2632=PLANE('',#2996);
#2633=PLANE('',#2997);
#2634=PLANE('',#2998);
#2635=PLANE('',#2999);
#2636=PLANE('',#3000);
#2637=PLANE('',#3001);
#2638=PLANE('',#3002);
#2639=PLANE('',#3003);
#2640=PLANE('',#3004);
#2641=PLANE('',#3005);
#2642=PLANE('',#3006);
#2643=PLANE('',#3007);
#2644=PLANE('',#3008);
#2645=PLANE('',#3009);
#2646=ADVANCED_FACE('',(#2362),#2516,.F.);
#2647=ADVANCED_FACE('',(#2363),#2517,.T.);
#2648=ADVANCED_FACE('',(#2364),#2518,.T.);
#2649=ADVANCED_FACE('',(#2365),#2519,.T.);
#2650=ADVANCED_FACE('',(#2366,#2367),#2520,.T.);
#2651=ADVANCED_FACE('',(#2368,#2369),#2521,.T.);
#2652=ADVANCED_FACE('',(#2370,#2371),#2522,.T.);
#2653=ADVANCED_FACE('',(#2372,#2373),#2523,.T.);
#2654=ADVANCED_FACE('',(#2374,#2375),#2524,.F.);
#2655=ADVANCED_FACE('',(#2376,#2377),#2525,.F.);
#2656=ADVANCED_FACE('',(#2378,#2379),#2526,.F.);
#2657=ADVANCED_FACE('',(#2380,#2381),#2527,.F.);
#2658=ADVANCED_FACE('',(#2382),#2528,.F.);
#2659=ADVANCED_FACE('',(#2383),#2529,.F.);
#2660=ADVANCED_FACE('',(#2384),#2530,.F.);
#2661=ADVANCED_FACE('',(#2385),#2531,.F.);
#2662=ADVANCED_FACE('',(#2386),#2532,.F.);
#2663=ADVANCED_FACE('',(#2387),#2533,.T.);
#2664=ADVANCED_FACE('',(#2388),#2534,.T.);
#2665=ADVANCED_FACE('',(#2389),#2535,.T.);
#2666=ADVANCED_FACE('',(#2390),#2536,.T.);
#2667=ADVANCED_FACE('',(#2391),#2537,.T.);
#2668=ADVANCED_FACE('',(#2392),#2538,.T.);
#2669=ADVANCED_FACE('',(#2393),#2539,.T.);
#2670=ADVANCED_FACE('',(#2394),#2540,.T.);
#2671=ADVANCED_FACE('',(#2395),#2541,.T.);
#2672=ADVANCED_FACE('',(#2396),#2542,.T.);
#2673=ADVANCED_FACE('',(#2397),#2543,.T.);
#2674=ADVANCED_FACE('',(#2398),#2544,.T.);
#2675=ADVANCED_FACE('',(#2399),#2545,.T.);
#2676=ADVANCED_FACE('',(#2400),#2546,.T.);
#2677=ADVANCED_FACE('',(#2401),#2547,.T.);
#2678=ADVANCED_FACE('',(#2402),#2548,.T.);
#2679=ADVANCED_FACE('',(#2403),#2549,.F.);
#2680=ADVANCED_FACE('',(#2404),#2550,.T.);
#2681=ADVANCED_FACE('',(#2405),#2551,.T.);
#2682=ADVANCED_FACE('',(#2406),#2552,.T.);
#2683=ADVANCED_FACE('',(#2407),#2553,.T.);
#2684=ADVANCED_FACE('',(#2408),#2554,.T.);
#2685=ADVANCED_FACE('',(#2409),#2555,.T.);
#2686=ADVANCED_FACE('',(#2410),#2556,.T.);
#2687=ADVANCED_FACE('',(#2411),#2557,.T.);
#2688=ADVANCED_FACE('',(#2412),#2558,.T.);
#2689=ADVANCED_FACE('',(#2413),#2559,.T.);
#2690=ADVANCED_FACE('',(#2414),#2560,.T.);
#2691=ADVANCED_FACE('',(#2415),#2561,.T.);
#2692=ADVANCED_FACE('',(#2416),#2562,.F.);
#2693=ADVANCED_FACE('',(#2417),#2563,.F.);
#2694=ADVANCED_FACE('',(#2418),#2564,.T.);
#2695=ADVANCED_FACE('',(#2419),#2565,.F.);
#2696=ADVANCED_FACE('',(#2420),#2566,.F.);
#2697=ADVANCED_FACE('',(#2421),#2567,.F.);
#2698=ADVANCED_FACE('',(#2422),#2568,.F.);
#2699=ADVANCED_FACE('',(#2423),#2569,.F.);
#2700=ADVANCED_FACE('',(#2424),#2570,.F.);
#2701=ADVANCED_FACE('',(#2425),#2571,.F.);
#2702=ADVANCED_FACE('',(#2426),#2572,.F.);
#2703=ADVANCED_FACE('',(#2427),#2573,.F.);
#2704=ADVANCED_FACE('',(#2428),#2574,.F.);
#2705=ADVANCED_FACE('',(#2429),#2575,.T.);
#2706=ADVANCED_FACE('',(#2430),#2576,.T.);
#2707=ADVANCED_FACE('',(#2431),#2577,.T.);
#2708=ADVANCED_FACE('',(#2432),#2578,.T.);
#2709=ADVANCED_FACE('',(#2433),#2579,.T.);
#2710=ADVANCED_FACE('',(#2434),#2580,.T.);
#2711=ADVANCED_FACE('',(#2435),#2581,.T.);
#2712=ADVANCED_FACE('',(#2436),#2582,.T.);
#2713=ADVANCED_FACE('',(#2437),#2583,.T.);
#2714=ADVANCED_FACE('',(#2438),#2584,.T.);
#2715=ADVANCED_FACE('',(#2439),#2585,.T.);
#2716=ADVANCED_FACE('',(#2440),#2586,.T.);
#2717=ADVANCED_FACE('',(#2441),#2587,.T.);
#2718=ADVANCED_FACE('',(#2442),#2588,.T.);
#2719=ADVANCED_FACE('',(#2443),#2589,.T.);
#2720=ADVANCED_FACE('',(#2444),#2590,.T.);
#2721=ADVANCED_FACE('',(#2445),#2591,.T.);
#2722=ADVANCED_FACE('',(#2446),#2592,.T.);
#2723=ADVANCED_FACE('',(#2447),#2593,.T.);
#2724=ADVANCED_FACE('',(#2448),#2594,.T.);
#2725=ADVANCED_FACE('',(#2449),#2595,.T.);
#2726=ADVANCED_FACE('',(#2450),#2596,.F.);
#2727=ADVANCED_FACE('',(#2451),#2597,.F.);
#2728=ADVANCED_FACE('',(#2452),#2598,.T.);
#2729=ADVANCED_FACE('',(#2453),#2599,.F.);
#2730=ADVANCED_FACE('',(#2454),#2600,.F.);
#2731=ADVANCED_FACE('',(#2455),#2601,.F.);
#2732=ADVANCED_FACE('',(#2456),#2602,.F.);
#2733=ADVANCED_FACE('',(#2457),#2603,.F.);
#2734=ADVANCED_FACE('',(#2458),#18,.F.);
#2735=ADVANCED_FACE('',(#2459),#19,.F.);
#2736=ADVANCED_FACE('',(#2460),#2604,.F.);
#2737=ADVANCED_FACE('',(#2461),#2605,.F.);
#2738=ADVANCED_FACE('',(#2462),#20,.T.);
#2739=ADVANCED_FACE('',(#2463),#21,.T.);
#2740=ADVANCED_FACE('',(#2464),#22,.F.);
#2741=ADVANCED_FACE('',(#2465),#23,.F.);
#2742=ADVANCED_FACE('',(#2466),#2606,.F.);
#2743=ADVANCED_FACE('',(#2467),#2607,.F.);
#2744=ADVANCED_FACE('',(#2468),#24,.T.);
#2745=ADVANCED_FACE('',(#2469),#25,.T.);
#2746=ADVANCED_FACE('',(#2470),#2608,.F.);
#2747=ADVANCED_FACE('',(#2471),#2609,.F.);
#2748=ADVANCED_FACE('',(#2472),#26,.F.);
#2749=ADVANCED_FACE('',(#2473),#2610,.F.);
#2750=ADVANCED_FACE('',(#2474),#27,.T.);
#2751=ADVANCED_FACE('',(#2475),#28,.F.);
#2752=ADVANCED_FACE('',(#2476),#2611,.F.);
#2753=ADVANCED_FACE('',(#2477),#29,.T.);
#2754=ADVANCED_FACE('',(#2478),#2612,.F.);
#2755=ADVANCED_FACE('',(#2479),#2613,.F.);
#2756=ADVANCED_FACE('',(#2480),#30,.F.);
#2757=ADVANCED_FACE('',(#2481),#2614,.F.);
#2758=ADVANCED_FACE('',(#2482),#31,.T.);
#2759=ADVANCED_FACE('',(#2483),#32,.F.);
#2760=ADVANCED_FACE('',(#2484),#2615,.F.);
#2761=ADVANCED_FACE('',(#2485),#33,.T.);
#2762=ADVANCED_FACE('',(#2486),#2616,.F.);
#2763=ADVANCED_FACE('',(#2487),#2617,.F.);
#2764=ADVANCED_FACE('',(#2488),#2618,.F.);
#2765=ADVANCED_FACE('',(#2489),#2619,.F.);
#2766=ADVANCED_FACE('',(#2490),#2620,.F.);
#2767=ADVANCED_FACE('',(#2491),#2621,.F.);
#2768=ADVANCED_FACE('',(#2492),#2622,.F.);
#2769=ADVANCED_FACE('',(#2493),#2623,.F.);
#2770=ADVANCED_FACE('',(#2494),#2624,.F.);
#2771=ADVANCED_FACE('',(#2495),#2625,.T.);
#2772=ADVANCED_FACE('',(#2496),#2626,.T.);
#2773=ADVANCED_FACE('',(#2497),#2627,.T.);
#2774=ADVANCED_FACE('',(#2498),#2628,.T.);
#2775=ADVANCED_FACE('',(#2499),#2629,.F.);
#2776=ADVANCED_FACE('',(#2500),#2630,.T.);
#2777=ADVANCED_FACE('',(#2501),#2631,.T.);
#2778=ADVANCED_FACE('',(#2502),#2632,.T.);
#2779=ADVANCED_FACE('',(#2503),#2633,.T.);
#2780=ADVANCED_FACE('',(#2504),#2634,.F.);
#2781=ADVANCED_FACE('',(#2505),#2635,.T.);
#2782=ADVANCED_FACE('',(#2506),#2636,.T.);
#2783=ADVANCED_FACE('',(#2507),#2637,.T.);
#2784=ADVANCED_FACE('',(#2508),#2638,.T.);
#2785=ADVANCED_FACE('',(#2509),#2639,.F.);
#2786=ADVANCED_FACE('',(#2510),#2640,.T.);
#2787=ADVANCED_FACE('',(#2511),#2641,.T.);
#2788=ADVANCED_FACE('',(#2512),#2642,.T.);
#2789=ADVANCED_FACE('',(#2513),#2643,.T.);
#2790=ADVANCED_FACE('',(#2514),#2644,.F.);
#2791=ADVANCED_FACE('',(#2515),#2645,.T.);
#2792=CLOSED_SHELL('',(#2646,#2647,#2648,#2649,#2650,#2651,#2652,#2653,
#2654,#2655,#2656,#2657,#2658,#2659,#2660,#2661,#2662,#2663,#2664,#2665,
#2666,#2667,#2668,#2669,#2670,#2671,#2672,#2673,#2674,#2675,#2676,#2677,
#2678,#2679,#2680,#2681,#2682,#2683,#2684,#2685,#2686,#2687,#2688,#2689,
#2690,#2691));
#2793=CLOSED_SHELL('',(#2692,#2693,#2694,#2695,#2696,#2697,#2698,#2699,
#2700,#2701,#2702,#2703,#2704,#2705,#2706,#2707,#2708,#2709,#2710,#2711,
#2712,#2713,#2714,#2715,#2716,#2717,#2718,#2719,#2720,#2721,#2722,#2723,
#2724,#2725));
#2794=CLOSED_SHELL('',(#2726,#2727,#2728,#2729,#2730,#2731,#2732,#2733,
#2734,#2735,#2736,#2737,#2738,#2739,#2740,#2741,#2742,#2743,#2744,#2745,
#2746,#2747,#2748,#2749,#2750,#2751,#2752,#2753,#2754,#2755,#2756,#2757,
#2758,#2759,#2760,#2761,#2762,#2763,#2764,#2765,#2766,#2767,#2768,#2769,
#2770,#2771,#2772,#2773,#2774,#2775,#2776,#2777,#2778,#2779,#2780,#2781,
#2782,#2783,#2784,#2785,#2786,#2787,#2788,#2789,#2790,#2791));
#2795=STYLED_ITEM('',(#2798),#2818);
#2796=STYLED_ITEM('',(#2799),#2819);
#2797=STYLED_ITEM('',(#2800),#2820);
#2798=PRESENTATION_STYLE_ASSIGNMENT((#2801));
#2799=PRESENTATION_STYLE_ASSIGNMENT((#2802));
#2800=PRESENTATION_STYLE_ASSIGNMENT((#2803));
#2801=SURFACE_STYLE_USAGE(.BOTH.,#2804);
#2802=SURFACE_STYLE_USAGE(.BOTH.,#2805);
#2803=SURFACE_STYLE_USAGE(.BOTH.,#2806);
#2804=SURFACE_SIDE_STYLE('',(#2807));
#2805=SURFACE_SIDE_STYLE('',(#2808));
#2806=SURFACE_SIDE_STYLE('',(#2809));
#2807=SURFACE_STYLE_FILL_AREA(#2810);
#2808=SURFACE_STYLE_FILL_AREA(#2811);
#2809=SURFACE_STYLE_FILL_AREA(#2812);
#2810=FILL_AREA_STYLE('',(#2813));
#2811=FILL_AREA_STYLE('',(#2814));
#2812=FILL_AREA_STYLE('',(#2815));
#2813=FILL_AREA_STYLE_COLOUR('',#2816);
#2814=FILL_AREA_STYLE_COLOUR('',#2817);
#2815=FILL_AREA_STYLE_COLOUR('',#2817);
#2816=COLOUR_RGB('',0.0549019612371922,0.0549019612371922,0.0549019612371922);
#2817=COLOUR_RGB('',0.670588254928589,0.670588254928589,0.670588254928589);
#2818=MANIFOLD_SOLID_BREP('TSM-104-01-SH_body',#2792);
#2819=MANIFOLD_SOLID_BREP('T-1S6-08-TM(-01-4-SH)',#2793);
#2820=MANIFOLD_SOLID_BREP('T-1S6-08-TM(-01-4-SH)2',#2794);
#2821=SHAPE_DEFINITION_REPRESENTATION(#4532,#2825);
#2822=SHAPE_DEFINITION_REPRESENTATION(#4533,#2826);
#2823=SHAPE_DEFINITION_REPRESENTATION(#4535,#2827);
#2824=SHAPE_DEFINITION_REPRESENTATION(#4537,#2828);
#2825=SHAPE_REPRESENTATION('TSM-104-01-TM-SH',(#2829,#2876,#2911,#3010),
#4518);
#2826=SHAPE_REPRESENTATION('TSM-104-01-SH_body',(#2829),#4519);
#2827=SHAPE_REPRESENTATION('T-1S6-08-TM(-01-4-SH)',(#2829),#4520);
#2828=SHAPE_REPRESENTATION('T-1S6-08-TM(-01-4-SH)2',(#2829),#4521);
#2829=AXIS2_PLACEMENT_3D('',#3731,#3011,#3012);
#2830=AXIS2_PLACEMENT_3D('',#3732,#3013,#3014);
#2831=AXIS2_PLACEMENT_3D('',#3789,#3043,#3044);
#2832=AXIS2_PLACEMENT_3D('',#3798,#3049,#3050);
#2833=AXIS2_PLACEMENT_3D('',#3807,#3055,#3056);
#2834=AXIS2_PLACEMENT_3D('',#3816,#3061,#3062);
#2835=AXIS2_PLACEMENT_3D('',#3830,#3070,#3071);
#2836=AXIS2_PLACEMENT_3D('',#3844,#3079,#3080);
#2837=AXIS2_PLACEMENT_3D('',#3858,#3088,#3089);
#2838=AXIS2_PLACEMENT_3D('',#3872,#3097,#3098);
#2839=AXIS2_PLACEMENT_3D('',#3886,#3106,#3107);
#2840=AXIS2_PLACEMENT_3D('',#3900,#3115,#3116);
#2841=AXIS2_PLACEMENT_3D('',#3914,#3124,#3125);
#2842=AXIS2_PLACEMENT_3D('',#3928,#3133,#3134);
#2843=AXIS2_PLACEMENT_3D('',#3931,#3137,#3138);
#2844=AXIS2_PLACEMENT_3D('',#3934,#3141,#3142);
#2845=AXIS2_PLACEMENT_3D('',#3937,#3145,#3146);
#2846=AXIS2_PLACEMENT_3D('',#3940,#3149,#3150);
#2847=AXIS2_PLACEMENT_3D('',#3941,#3151,#3152);
#2848=AXIS2_PLACEMENT_3D('',#3944,#3155,#3156);
#2849=AXIS2_PLACEMENT_3D('',#3946,#3158,#3159);
#2850=AXIS2_PLACEMENT_3D('',#3948,#3161,#3162);
#2851=AXIS2_PLACEMENT_3D('',#3951,#3165,#3166);
#2852=AXIS2_PLACEMENT_3D('',#3953,#3168,#3169);
#2853=AXIS2_PLACEMENT_3D('',#3955,#3171,#3172);
#2854=AXIS2_PLACEMENT_3D('',#3958,#3175,#3176);
#2855=AXIS2_PLACEMENT_3D('',#3960,#3178,#3179);
#2856=AXIS2_PLACEMENT_3D('',#3962,#3181,#3182);
#2857=AXIS2_PLACEMENT_3D('',#3965,#3185,#3186);
#2858=AXIS2_PLACEMENT_3D('',#3967,#3188,#3189);
#2859=AXIS2_PLACEMENT_3D('',#3969,#3191,#3192);
#2860=AXIS2_PLACEMENT_3D('',#3970,#3193,#3194);
#2861=AXIS2_PLACEMENT_3D('',#3971,#3195,#3196);
#2862=AXIS2_PLACEMENT_3D('',#3972,#3197,#3198);
#2863=AXIS2_PLACEMENT_3D('',#3973,#3199,#3200);
#2864=AXIS2_PLACEMENT_3D('',#3974,#3201,#3202);
#2865=AXIS2_PLACEMENT_3D('',#3977,#3205,#3206);
#2866=AXIS2_PLACEMENT_3D('',#3980,#3209,#3210);
#2867=AXIS2_PLACEMENT_3D('',#3983,#3213,#3214);
#2868=AXIS2_PLACEMENT_3D('',#3986,#3217,#3218);
#2869=AXIS2_PLACEMENT_3D('',#3989,#3221,#3222);
#2870=AXIS2_PLACEMENT_3D('',#3992,#3225,#3226);
#2871=AXIS2_PLACEMENT_3D('',#3993,#3227,#3228);
#2872=AXIS2_PLACEMENT_3D('',#3994,#3229,#3230);
#2873=AXIS2_PLACEMENT_3D('',#3995,#3231,#3232);
#2874=AXIS2_PLACEMENT_3D('',#3996,#3233,#3234);
#2875=AXIS2_PLACEMENT_3D('',#3997,#3235,#3236);
#2876=AXIS2_PLACEMENT_3D('',#3998,#3237,#3238);
#2877=AXIS2_PLACEMENT_3D('',#3999,#3239,#3240);
#2878=AXIS2_PLACEMENT_3D('',#4032,#3257,#3258);
#2879=AXIS2_PLACEMENT_3D('',#4065,#3275,#3276);
#2880=AXIS2_PLACEMENT_3D('',#4068,#3279,#3280);
#2881=AXIS2_PLACEMENT_3D('',#4071,#3283,#3284);
#2882=AXIS2_PLACEMENT_3D('',#4074,#3287,#3288);
#2883=AXIS2_PLACEMENT_3D('',#4076,#3290,#3291);
#2884=AXIS2_PLACEMENT_3D('',#4078,#3293,#3294);
#2885=AXIS2_PLACEMENT_3D('',#4081,#3297,#3298);
#2886=AXIS2_PLACEMENT_3D('',#4083,#3300,#3301);
#2887=AXIS2_PLACEMENT_3D('',#4085,#3303,#3304);
#2888=AXIS2_PLACEMENT_3D('',#4088,#3307,#3308);
#2889=AXIS2_PLACEMENT_3D('',#4090,#3310,#3311);
#2890=AXIS2_PLACEMENT_3D('',#4092,#3313,#3314);
#2891=AXIS2_PLACEMENT_3D('',#4098,#3318,#3319);
#2892=AXIS2_PLACEMENT_3D('',#4102,#3322,#3323);
#2893=AXIS2_PLACEMENT_3D('',#4106,#3326,#3327);
#2894=AXIS2_PLACEMENT_3D('',#4108,#3329,#3330);
#2895=AXIS2_PLACEMENT_3D('',#4109,#3331,#3332);
#2896=AXIS2_PLACEMENT_3D('',#4115,#3336,#3337);
#2897=AXIS2_PLACEMENT_3D('',#4119,#3340,#3341);
#2898=AXIS2_PLACEMENT_3D('',#4123,#3344,#3345);
#2899=AXIS2_PLACEMENT_3D('',#4125,#3347,#3348);
#2900=AXIS2_PLACEMENT_3D('',#4126,#3349,#3350);
#2901=AXIS2_PLACEMENT_3D('',#4132,#3354,#3355);
#2902=AXIS2_PLACEMENT_3D('',#4136,#3358,#3359);
#2903=AXIS2_PLACEMENT_3D('',#4140,#3362,#3363);
#2904=AXIS2_PLACEMENT_3D('',#4142,#3365,#3366);
#2905=AXIS2_PLACEMENT_3D('',#4143,#3367,#3368);
#2906=AXIS2_PLACEMENT_3D('',#4149,#3372,#3373);
#2907=AXIS2_PLACEMENT_3D('',#4153,#3376,#3377);
#2908=AXIS2_PLACEMENT_3D('',#4157,#3380,#3381);
#2909=AXIS2_PLACEMENT_3D('',#4159,#3383,#3384);
#2910=AXIS2_PLACEMENT_3D('',#4160,#3385,#3386);
#2911=AXIS2_PLACEMENT_3D('',#4161,#3387,#3388);
#2912=AXIS2_PLACEMENT_3D('',#4162,#3389,#3390);
#2913=AXIS2_PLACEMENT_3D('',#4195,#3407,#3408);
#2914=AXIS2_PLACEMENT_3D('',#4228,#3425,#3426);
#2915=AXIS2_PLACEMENT_3D('',#4230,#3428,#3429);
#2916=AXIS2_PLACEMENT_3D('',#4234,#3431,#3432);
#2917=AXIS2_PLACEMENT_3D('',#4242,#3436,#3437);
#2918=AXIS2_PLACEMENT_3D('',#4246,#3439,#3440);
#2919=AXIS2_PLACEMENT_3D('',#4247,#3441,#3442);
#2920=AXIS2_PLACEMENT_3D('',#4249,#3444,#3445);
#2921=AXIS2_PLACEMENT_3D('',#4253,#3447,#3448);
#2922=AXIS2_PLACEMENT_3D('',#4261,#3452,#3453);
#2923=AXIS2_PLACEMENT_3D('',#4265,#3455,#3456);
#2924=AXIS2_PLACEMENT_3D('',#4266,#3457,#3458);
#2925=AXIS2_PLACEMENT_3D('',#4275,#3463,#3464);
#2926=AXIS2_PLACEMENT_3D('',#4284,#3469,#3470);
#2927=AXIS2_PLACEMENT_3D('',#4293,#3475,#3476);
#2928=AXIS2_PLACEMENT_3D('',#4302,#3481,#3482);
#2929=AXIS2_PLACEMENT_3D('',#4303,#3483,#3484);
#2930=AXIS2_PLACEMENT_3D('',#4305,#3485,#3486);
#2931=AXIS2_PLACEMENT_3D('',#4308,#3488,#3489);
#2932=AXIS2_PLACEMENT_3D('',#4309,#3490,#3491);
#2933=AXIS2_PLACEMENT_3D('',#4313,#3493,#3494);
#2934=AXIS2_PLACEMENT_3D('',#4314,#3495,#3496);
#2935=AXIS2_PLACEMENT_3D('',#4320,#3500,#3501);
#2936=AXIS2_PLACEMENT_3D('',#4326,#3505,#3506);
#2937=AXIS2_PLACEMENT_3D('',#4327,#3507,#3508);
#2938=AXIS2_PLACEMENT_3D('',#4328,#3509,#3510);
#2939=AXIS2_PLACEMENT_3D('',#4329,#3511,#3512);
#2940=AXIS2_PLACEMENT_3D('',#4330,#3513,#3514);
#2941=AXIS2_PLACEMENT_3D('',#4331,#3515,#3516);
#2942=AXIS2_PLACEMENT_3D('',#4332,#3517,#3518);
#2943=AXIS2_PLACEMENT_3D('',#4333,#3519,#3520);
#2944=AXIS2_PLACEMENT_3D('',#4335,#3521,#3522);
#2945=AXIS2_PLACEMENT_3D('',#4338,#3524,#3525);
#2946=AXIS2_PLACEMENT_3D('',#4339,#3526,#3527);
#2947=AXIS2_PLACEMENT_3D('',#4343,#3529,#3530);
#2948=AXIS2_PLACEMENT_3D('',#4344,#3531,#3532);
#2949=AXIS2_PLACEMENT_3D('',#4350,#3536,#3537);
#2950=AXIS2_PLACEMENT_3D('',#4356,#3541,#3542);
#2951=AXIS2_PLACEMENT_3D('',#4357,#3543,#3544);
#2952=AXIS2_PLACEMENT_3D('',#4358,#3545,#3546);
#2953=AXIS2_PLACEMENT_3D('',#4359,#3547,#3548);
#2954=AXIS2_PLACEMENT_3D('',#4360,#3549,#3550);
#2955=AXIS2_PLACEMENT_3D('',#4361,#3551,#3552);
#2956=AXIS2_PLACEMENT_3D('',#4362,#3553,#3554);
#2957=AXIS2_PLACEMENT_3D('',#4368,#3558,#3559);
#2958=AXIS2_PLACEMENT_3D('',#4374,#3563,#3564);
#2959=AXIS2_PLACEMENT_3D('',#4375,#3565,#3566);
#2960=AXIS2_PLACEMENT_3D('',#4378,#3568,#3569);
#2961=AXIS2_PLACEMENT_3D('',#4382,#3572,#3573);
#2962=AXIS2_PLACEMENT_3D('',#4383,#3574,#3575);
#2963=AXIS2_PLACEMENT_3D('',#4384,#3576,#3577);
#2964=AXIS2_PLACEMENT_3D('',#4385,#3578,#3579);
#2965=AXIS2_PLACEMENT_3D('',#4388,#3581,#3582);
#2966=AXIS2_PLACEMENT_3D('',#4392,#3585,#3586);
#2967=AXIS2_PLACEMENT_3D('',#4393,#3587,#3588);
#2968=AXIS2_PLACEMENT_3D('',#4394,#3589,#3590);
#2969=AXIS2_PLACEMENT_3D('',#4400,#3594,#3595);
#2970=AXIS2_PLACEMENT_3D('',#4406,#3599,#3600);
#2971=AXIS2_PLACEMENT_3D('',#4407,#3601,#3602);
#2972=AXIS2_PLACEMENT_3D('',#4410,#3604,#3605);
#2973=AXIS2_PLACEMENT_3D('',#4414,#3608,#3609);
#2974=AXIS2_PLACEMENT_3D('',#4415,#3610,#3611);
#2975=AXIS2_PLACEMENT_3D('',#4416,#3612,#3613);
#2976=AXIS2_PLACEMENT_3D('',#4417,#3614,#3615);
#2977=AXIS2_PLACEMENT_3D('',#4420,#3617,#3618);
#2978=AXIS2_PLACEMENT_3D('',#4424,#3621,#3622);
#2979=AXIS2_PLACEMENT_3D('',#4425,#3623,#3624);
#2980=AXIS2_PLACEMENT_3D('',#4426,#3625,#3626);
#2981=AXIS2_PLACEMENT_3D('',#4429,#3629,#3630);
#2982=AXIS2_PLACEMENT_3D('',#4431,#3632,#3633);
#2983=AXIS2_PLACEMENT_3D('',#4433,#3635,#3636);
#2984=AXIS2_PLACEMENT_3D('',#4436,#3639,#3640);
#2985=AXIS2_PLACEMENT_3D('',#4438,#3642,#3643);
#2986=AXIS2_PLACEMENT_3D('',#4440,#3645,#3646);
#2987=AXIS2_PLACEMENT_3D('',#4443,#3649,#3650);
#2988=AXIS2_PLACEMENT_3D('',#4445,#3652,#3653);
#2989=AXIS2_PLACEMENT_3D('',#4447,#3655,#3656);
#2990=AXIS2_PLACEMENT_3D('',#4453,#3660,#3661);
#2991=AXIS2_PLACEMENT_3D('',#4457,#3664,#3665);
#2992=AXIS2_PLACEMENT_3D('',#4461,#3668,#3669);
#2993=AXIS2_PLACEMENT_3D('',#4463,#3671,#3672);
#2994=AXIS2_PLACEMENT_3D('',#4464,#3673,#3674);
#2995=AXIS2_PLACEMENT_3D('',#4470,#3678,#3679);
#2996=AXIS2_PLACEMENT_3D('',#4474,#3682,#3683);
#2997=AXIS2_PLACEMENT_3D('',#4478,#3686,#3687);
#2998=AXIS2_PLACEMENT_3D('',#4480,#3689,#3690);
#2999=AXIS2_PLACEMENT_3D('',#4481,#3691,#3692);
#3000=AXIS2_PLACEMENT_3D('',#4487,#3696,#3697);
#3001=AXIS2_PLACEMENT_3D('',#4491,#3700,#3701);
#3002=AXIS2_PLACEMENT_3D('',#4495,#3704,#3705);
#3003=AXIS2_PLACEMENT_3D('',#4497,#3707,#3708);
#3004=AXIS2_PLACEMENT_3D('',#4498,#3709,#3710);
#3005=AXIS2_PLACEMENT_3D('',#4504,#3714,#3715);
#3006=AXIS2_PLACEMENT_3D('',#4508,#3718,#3719);
#3007=AXIS2_PLACEMENT_3D('',#4512,#3722,#3723);
#3008=AXIS2_PLACEMENT_3D('',#4514,#3725,#3726);
#3009=AXIS2_PLACEMENT_3D('',#4515,#3727,#3728);
#3010=AXIS2_PLACEMENT_3D('',#4516,#3729,#3730);
#3011=DIRECTION('',(0.,0.,1.));
#3012=DIRECTION('',(1.,0.,0.));
#3013=DIRECTION('',(0.,1.,0.));
#3014=DIRECTION('',(0.,0.,1.));
#3015=DIRECTION('',(-1.70740499604016E-16,0.,1.));
#3016=DIRECTION('',(1.,0.,0.));
#3017=DIRECTION('',(0.,0.,-1.));
#3018=DIRECTION('',(1.,0.,0.));
#3019=DIRECTION('',(0.,0.,1.));
#3020=DIRECTION('',(1.,0.,0.));
#3021=DIRECTION('',(0.,0.,-1.));
#3022=DIRECTION('',(1.,0.,0.));
#3023=DIRECTION('',(0.,0.,1.));
#3024=DIRECTION('',(1.,0.,0.));
#3025=DIRECTION('',(0.,0.,-1.));
#3026=DIRECTION('',(1.,0.,0.));
#3027=DIRECTION('',(0.,0.,-1.));
#3028=DIRECTION('',(1.,0.,0.));
#3029=DIRECTION('',(0.,0.,-1.));
#3030=DIRECTION('',(-1.,0.,0.));
#3031=DIRECTION('',(0.,0.,1.));
#3032=DIRECTION('',(1.,0.,0.));
#3033=DIRECTION('',(0.,0.,-1.));
#3034=DIRECTION('',(-1.,0.,0.));
#3035=DIRECTION('',(0.,0.,1.));
#3036=DIRECTION('',(1.,0.,0.));
#3037=DIRECTION('',(0.,0.,-1.));
#3038=DIRECTION('',(-1.,0.,0.));
#3039=DIRECTION('',(-3.41480999208033E-16,0.,1.));
#3040=DIRECTION('',(1.,0.,0.));
#3041=DIRECTION('',(0.,0.,-1.));
#3042=DIRECTION('',(1.,0.,0.));
#3043=DIRECTION('',(0.,1.,0.));
#3044=DIRECTION('',(0.,0.,1.));
#3045=DIRECTION('',(0.,0.,-1.));
#3046=DIRECTION('',(1.,0.,0.));
#3047=DIRECTION('',(0.,0.,-1.));
#3048=DIRECTION('',(-1.,0.,0.));
#3049=DIRECTION('',(0.,1.,0.));
#3050=DIRECTION('',(0.,0.,1.));
#3051=DIRECTION('',(0.,0.,-1.));
#3052=DIRECTION('',(1.,0.,0.));
#3053=DIRECTION('',(0.,0.,-1.));
#3054=DIRECTION('',(-1.,0.,0.));
#3055=DIRECTION('',(0.,1.,0.));
#3056=DIRECTION('',(0.,0.,1.));
#3057=DIRECTION('',(0.,0.,-1.));
#3058=DIRECTION('',(1.,0.,0.));
#3059=DIRECTION('',(0.,0.,-1.));
#3060=DIRECTION('',(-1.,0.,0.));
#3061=DIRECTION('',(0.,0.,1.));
#3062=DIRECTION('',(1.,0.,0.));
#3063=DIRECTION('',(-1.,0.,0.));
#3064=DIRECTION('',(0.,1.,0.));
#3065=DIRECTION('',(1.,-5.44453123737298E-17,0.));
#3066=DIRECTION('',(0.,-1.,0.));
#3067=DIRECTION('',(0.,-1.,0.));
#3068=DIRECTION('',(-1.,0.,0.));
#3069=DIRECTION('',(0.,-1.,0.));
#3070=DIRECTION('',(0.,0.,1.));
#3071=DIRECTION('',(1.,0.,0.));
#3072=DIRECTION('',(-1.,0.,0.));
#3073=DIRECTION('',(0.,1.,0.));
#3074=DIRECTION('',(1.,-5.44453123737297E-17,0.));
#3075=DIRECTION('',(0.,-1.,0.));
#3076=DIRECTION('',(3.41480999208033E-16,1.,0.));
#3077=DIRECTION('',(0.,1.,0.));
#3078=DIRECTION('',(-1.,0.,0.));
#3079=DIRECTION('',(0.,0.,1.));
#3080=DIRECTION('',(1.,0.,0.));
#3081=DIRECTION('',(-1.,0.,0.));
#3082=DIRECTION('',(0.,1.,0.));
#3083=DIRECTION('',(1.,-5.44453123737297E-17,0.));
#3084=DIRECTION('',(0.,-1.,0.));
#3085=DIRECTION('',(0.,-1.,0.));
#3086=DIRECTION('',(-1.,0.,0.));
#3087=DIRECTION('',(0.,1.,0.));
#3088=DIRECTION('',(0.,0.,1.));
#3089=DIRECTION('',(1.,0.,0.));
#3090=DIRECTION('',(-1.,0.,0.));
#3091=DIRECTION('',(0.,1.,0.));
#3092=DIRECTION('',(1.,-5.44453123737297E-17,0.));
#3093=DIRECTION('',(0.,-1.,0.));
#3094=DIRECTION('',(0.,-1.,0.));
#3095=DIRECTION('',(-1.,0.,0.));
#3096=DIRECTION('',(0.,1.,0.));
#3097=DIRECTION('',(0.,0.,1.));
#3098=DIRECTION('',(1.,0.,0.));
#3099=DIRECTION('',(-1.,0.,0.));
#3100=DIRECTION('',(0.,-1.,0.));
#3101=DIRECTION('',(1.,-5.44453123737298E-17,0.));
#3102=DIRECTION('',(0.,1.,0.));
#3103=DIRECTION('',(0.,1.,0.));
#3104=DIRECTION('',(0.,-1.,0.));
#3105=DIRECTION('',(-1.,0.,0.));
#3106=DIRECTION('',(0.,0.,1.));
#3107=DIRECTION('',(1.,0.,0.));
#3108=DIRECTION('',(-1.,0.,0.));
#3109=DIRECTION('',(0.,-1.,0.));
#3110=DIRECTION('',(1.,-5.44453123737297E-17,0.));
#3111=DIRECTION('',(0.,1.,0.));
#3112=DIRECTION('',(0.,1.,0.));
#3113=DIRECTION('',(-1.,0.,0.));
#3114=DIRECTION('',(0.,1.,0.));
#3115=DIRECTION('',(0.,0.,1.));
#3116=DIRECTION('',(1.,0.,0.));
#3117=DIRECTION('',(-1.,0.,0.));
#3118=DIRECTION('',(0.,-1.,0.));
#3119=DIRECTION('',(1.,-5.44453123737297E-17,0.));
#3120=DIRECTION('',(0.,1.,0.));
#3121=DIRECTION('',(0.,1.,0.));
#3122=DIRECTION('',(-1.,0.,0.));
#3123=DIRECTION('',(0.,1.,0.));
#3124=DIRECTION('',(0.,0.,1.));
#3125=DIRECTION('',(1.,0.,0.));
#3126=DIRECTION('',(-1.,0.,0.));
#3127=DIRECTION('',(0.,-1.,0.));
#3128=DIRECTION('',(1.,-5.44453123737297E-17,0.));
#3129=DIRECTION('',(0.,1.,0.));
#3130=DIRECTION('',(3.41480999208033E-16,1.,0.));
#3131=DIRECTION('',(-1.,0.,0.));
#3132=DIRECTION('',(0.,1.,0.));
#3133=DIRECTION('',(0.,-1.,0.));
#3134=DIRECTION('',(0.,0.,-1.));
#3135=DIRECTION('',(0.,0.,1.));
#3136=DIRECTION('',(0.,0.,-1.));
#3137=DIRECTION('',(0.,-1.,0.));
#3138=DIRECTION('',(0.,0.,-1.));
#3139=DIRECTION('',(0.,0.,-1.));
#3140=DIRECTION('',(0.,0.,1.));
#3141=DIRECTION('',(0.,-1.,0.));
#3142=DIRECTION('',(0.,0.,-1.));
#3143=DIRECTION('',(0.,0.,-1.));
#3144=DIRECTION('',(0.,0.,1.));
#3145=DIRECTION('',(0.,-1.,0.));
#3146=DIRECTION('',(0.,0.,-1.));
#3147=DIRECTION('',(0.,0.,-1.));
#3148=DIRECTION('',(0.,0.,-1.));
#3149=DIRECTION('',(1.,0.,0.));
#3150=DIRECTION('',(0.,0.,-1.));
#3151=DIRECTION('',(0.,-1.,0.));
#3152=DIRECTION('',(0.,0.,-1.));
#3153=DIRECTION('',(0.,0.,-1.));
#3154=DIRECTION('',(0.,0.,-1.));
#3155=DIRECTION('',(-1.,0.,0.));
#3156=DIRECTION('',(0.,0.,1.));
#3157=DIRECTION('',(0.,0.,-1.));
#3158=DIRECTION('',(5.44453123737297E-17,1.,0.));
#3159=DIRECTION('',(-1.,5.44453123737297E-17,0.));
#3160=DIRECTION('',(0.,0.,-1.));
#3161=DIRECTION('',(0.,-1.,0.));
#3162=DIRECTION('',(0.,0.,-1.));
#3163=DIRECTION('',(0.,0.,-1.));
#3164=DIRECTION('',(0.,0.,-1.));
#3165=DIRECTION('',(-1.,0.,0.));
#3166=DIRECTION('',(0.,0.,1.));
#3167=DIRECTION('',(0.,0.,-1.));
#3168=DIRECTION('',(5.44453123737297E-17,1.,0.));
#3169=DIRECTION('',(-1.,5.44453123737297E-17,0.));
#3170=DIRECTION('',(0.,0.,-1.));
#3171=DIRECTION('',(0.,-1.,0.));
#3172=DIRECTION('',(0.,0.,-1.));
#3173=DIRECTION('',(0.,0.,-1.));
#3174=DIRECTION('',(0.,0.,-1.));
#3175=DIRECTION('',(-1.,0.,0.));
#3176=DIRECTION('',(0.,0.,1.));
#3177=DIRECTION('',(0.,0.,-1.));
#3178=DIRECTION('',(5.44453123737297E-17,1.,0.));
#3179=DIRECTION('',(-1.,5.44453123737297E-17,0.));
#3180=DIRECTION('',(0.,0.,-1.));
#3181=DIRECTION('',(0.,-1.,0.));
#3182=DIRECTION('',(0.,0.,-1.));
#3183=DIRECTION('',(0.,0.,-1.));
#3184=DIRECTION('',(0.,0.,-1.));
#3185=DIRECTION('',(-1.,0.,0.));
#3186=DIRECTION('',(0.,0.,1.));
#3187=DIRECTION('',(0.,0.,-1.));
#3188=DIRECTION('',(5.44453123737298E-17,1.,0.));
#3189=DIRECTION('',(-1.,5.44453123737298E-17,0.));
#3190=DIRECTION('',(0.,0.,-1.));
#3191=DIRECTION('',(1.,0.,0.));
#3192=DIRECTION('',(0.,0.,-1.));
#3193=DIRECTION('',(1.,0.,0.));
#3194=DIRECTION('',(0.,0.,-1.));
#3195=DIRECTION('',(1.,0.,0.));
#3196=DIRECTION('',(0.,0.,-1.));
#3197=DIRECTION('',(1.,0.,0.));
#3198=DIRECTION('',(0.,0.,-1.));
#3199=DIRECTION('',(-1.,0.,0.));
#3200=DIRECTION('',(0.,0.,1.));
#3201=DIRECTION('',(-1.,3.41480999208033E-16,0.));
#3202=DIRECTION('',(-3.41480999208033E-16,-1.,0.));
#3203=DIRECTION('',(0.,-1.,0.));
#3204=DIRECTION('',(0.,-1.,0.));
#3205=DIRECTION('',(1.,0.,0.));
#3206=DIRECTION('',(0.,0.,-1.));
#3207=DIRECTION('',(0.,-1.,0.));
#3208=DIRECTION('',(0.,-1.,0.));
#3209=DIRECTION('',(-1.,0.,0.));
#3210=DIRECTION('',(0.,0.,1.));
#3211=DIRECTION('',(0.,-1.,0.));
#3212=DIRECTION('',(0.,-1.,0.));
#3213=DIRECTION('',(1.,0.,0.));
#3214=DIRECTION('',(0.,0.,-1.));
#3215=DIRECTION('',(0.,-1.,0.));
#3216=DIRECTION('',(0.,-1.,0.));
#3217=DIRECTION('',(1.,0.,0.));
#3218=DIRECTION('',(0.,0.,-1.));
#3219=DIRECTION('',(0.,-1.,0.));
#3220=DIRECTION('',(0.,-1.,0.));
#3221=DIRECTION('',(-1.,0.,0.));
#3222=DIRECTION('',(0.,0.,1.));
#3223=DIRECTION('',(0.,-1.,0.));
#3224=DIRECTION('',(0.,-1.,0.));
#3225=DIRECTION('',(0.,0.,-1.));
#3226=DIRECTION('',(-1.,0.,0.));
#3227=DIRECTION('',(0.,0.,-1.));
#3228=DIRECTION('',(-1.,0.,0.));
#3229=DIRECTION('',(0.,0.,-1.));
#3230=DIRECTION('',(-1.,0.,0.));
#3231=DIRECTION('',(0.,0.,1.));
#3232=DIRECTION('',(1.,0.,0.));
#3233=DIRECTION('',(0.,0.,1.));
#3234=DIRECTION('',(1.,0.,0.));
#3235=DIRECTION('',(0.,0.,1.));
#3236=DIRECTION('',(1.,0.,0.));
#3237=DIRECTION('',(0.,0.,1.));
#3238=DIRECTION('',(1.,0.,0.));
#3239=DIRECTION('',(0.,0.,1.));
#3240=DIRECTION('',(1.,0.,0.));
#3241=DIRECTION('',(1.,0.,0.));
#3242=DIRECTION('',(0.,1.,0.));
#3243=DIRECTION('',(-1.,0.,0.));
#3244=DIRECTION('',(0.,-1.,0.));
#3245=DIRECTION('',(1.,0.,0.));
#3246=DIRECTION('',(0.,1.,0.));
#3247=DIRECTION('',(-1.,0.,0.));
#3248=DIRECTION('',(0.,-1.,0.));
#3249=DIRECTION('',(1.,0.,0.));
#3250=DIRECTION('',(0.,1.,0.));
#3251=DIRECTION('',(-1.,0.,0.));
#3252=DIRECTION('',(0.,-1.,0.));
#3253=DIRECTION('',(1.,0.,0.));
#3254=DIRECTION('',(0.,1.,0.));
#3255=DIRECTION('',(-1.,0.,0.));
#3256=DIRECTION('',(0.,1.,0.));
#3257=DIRECTION('',(0.,0.,-1.));
#3258=DIRECTION('',(-1.,0.,0.));
#3259=DIRECTION('',(-1.,0.,0.));
#3260=DIRECTION('',(0.,-1.,0.));
#3261=DIRECTION('',(-1.,0.,0.));
#3262=DIRECTION('',(0.,-1.,0.));
#3263=DIRECTION('',(-1.,0.,0.));
#3264=DIRECTION('',(0.,1.,0.));
#3265=DIRECTION('',(-1.,0.,0.));
#3266=DIRECTION('',(0.,-1.,0.));
#3267=DIRECTION('',(-1.,0.,0.));
#3268=DIRECTION('',(0.,1.,0.));
#3269=DIRECTION('',(-1.,0.,0.));
#3270=DIRECTION('',(0.,-1.,0.));
#3271=DIRECTION('',(-1.,0.,0.));
#3272=DIRECTION('',(0.,1.,0.));
#3273=DIRECTION('',(-1.,0.,0.));
#3274=DIRECTION('',(0.,-1.,0.));
#3275=DIRECTION('',(1.,0.,0.));
#3276=DIRECTION('',(0.,0.,-1.));
#3277=DIRECTION('',(0.,-7.85406298178476E-17,-1.));
#3278=DIRECTION('',(0.,0.,1.));
#3279=DIRECTION('',(1.,0.,0.));
#3280=DIRECTION('',(0.,0.,-1.));
#3281=DIRECTION('',(0.,-7.85406298178476E-17,-1.));
#3282=DIRECTION('',(0.,0.,1.));
#3283=DIRECTION('',(-1.,0.,0.));
#3284=DIRECTION('',(0.,0.,1.));
#3285=DIRECTION('',(0.,0.,-1.));
#3286=DIRECTION('',(0.,0.,1.));
#3287=DIRECTION('',(0.,-1.,0.));
#3288=DIRECTION('',(0.,0.,-1.));
#3289=DIRECTION('',(0.,0.,1.));
#3290=DIRECTION('',(1.,0.,0.));
#3291=DIRECTION('',(0.,0.,-1.));
#3292=DIRECTION('',(0.,0.,1.));
#3293=DIRECTION('',(-1.,0.,0.));
#3294=DIRECTION('',(0.,0.,1.));
#3295=DIRECTION('',(0.,0.,-1.));
#3296=DIRECTION('',(0.,0.,1.));
#3297=DIRECTION('',(0.,-1.,0.));
#3298=DIRECTION('',(0.,0.,-1.));
#3299=DIRECTION('',(0.,0.,1.));
#3300=DIRECTION('',(1.,0.,0.));
#3301=DIRECTION('',(0.,0.,-1.));
#3302=DIRECTION('',(0.,0.,1.));
#3303=DIRECTION('',(-1.,0.,0.));
#3304=DIRECTION('',(0.,0.,1.));
#3305=DIRECTION('',(0.,0.,-1.));
#3306=DIRECTION('',(0.,0.,1.));
#3307=DIRECTION('',(0.,-1.,0.));
#3308=DIRECTION('',(0.,0.,-1.));
#3309=DIRECTION('',(0.,0.,1.));
#3310=DIRECTION('',(1.,0.,0.));
#3311=DIRECTION('',(0.,0.,-1.));
#3312=DIRECTION('',(0.,0.,1.));
#3313=DIRECTION('',(-0.939692620785908,0.342020143325669,0.));
#3314=DIRECTION('',(0.342020143325669,0.939692620785908,0.));
#3315=DIRECTION('',(-0.323615577118185,-0.889126490715988,0.323615577118185));
#3316=DIRECTION('',(0.,0.,-1.));
#3317=DIRECTION('',(-0.323615577118185,-0.889126490715988,-0.323615577118185));
#3318=DIRECTION('',(0.,0.342020143325669,0.939692620785908));
#3319=DIRECTION('',(0.,0.939692620785908,-0.342020143325669));
#3320=DIRECTION('',(0.323615577118185,-0.889126490715988,0.323615577118185));
#3321=DIRECTION('',(-1.,0.,0.));
#3322=DIRECTION('',(0.939692620785908,0.342020143325669,0.));
#3323=DIRECTION('',(-0.342020143325669,0.939692620785908,0.));
#3324=DIRECTION('',(0.323615577118185,-0.889126490715988,-0.323615577118185));
#3325=DIRECTION('',(0.,0.,1.));
#3326=DIRECTION('',(0.,0.342020143325669,-0.939692620785908));
#3327=DIRECTION('',(0.,0.939692620785908,0.342020143325669));
#3328=DIRECTION('',(1.,0.,0.));
#3329=DIRECTION('',(0.,1.,0.));
#3330=DIRECTION('',(0.,0.,1.));
#3331=DIRECTION('',(-0.939692620785908,0.342020143325669,0.));
#3332=DIRECTION('',(0.342020143325669,0.939692620785908,0.));
#3333=DIRECTION('',(-0.323615577118185,-0.889126490715988,0.323615577118185));
#3334=DIRECTION('',(0.,0.,-1.));
#3335=DIRECTION('',(-0.323615577118185,-0.889126490715988,-0.323615577118185));
#3336=DIRECTION('',(0.,0.342020143325669,0.939692620785908));
#3337=DIRECTION('',(0.,0.939692620785908,-0.342020143325669));
#3338=DIRECTION('',(0.323615577118185,-0.889126490715988,0.323615577118185));
#3339=DIRECTION('',(-1.,0.,0.));
#3340=DIRECTION('',(0.939692620785908,0.342020143325669,0.));
#3341=DIRECTION('',(-0.342020143325669,0.939692620785908,0.));
#3342=DIRECTION('',(0.323615577118185,-0.889126490715988,-0.323615577118185));
#3343=DIRECTION('',(0.,0.,1.));
#3344=DIRECTION('',(0.,0.342020143325669,-0.939692620785908));
#3345=DIRECTION('',(0.,0.939692620785908,0.342020143325669));
#3346=DIRECTION('',(1.,0.,0.));
#3347=DIRECTION('',(0.,1.,0.));
#3348=DIRECTION('',(0.,0.,1.));
#3349=DIRECTION('',(-0.939692620785908,0.342020143325669,0.));
#3350=DIRECTION('',(0.342020143325669,0.939692620785908,0.));
#3351=DIRECTION('',(-0.323615577118185,-0.889126490715988,0.323615577118185));
#3352=DIRECTION('',(0.,0.,-1.));
#3353=DIRECTION('',(-0.323615577118185,-0.889126490715988,-0.323615577118185));
#3354=DIRECTION('',(0.,0.342020143325669,0.939692620785908));
#3355=DIRECTION('',(0.,0.939692620785908,-0.342020143325669));
#3356=DIRECTION('',(0.323615577118185,-0.889126490715988,0.323615577118185));
#3357=DIRECTION('',(-1.,0.,0.));
#3358=DIRECTION('',(0.939692620785908,0.342020143325669,0.));
#3359=DIRECTION('',(-0.342020143325669,0.939692620785908,0.));
#3360=DIRECTION('',(0.323615577118185,-0.889126490715988,-0.323615577118185));
#3361=DIRECTION('',(0.,0.,1.));
#3362=DIRECTION('',(0.,0.342020143325669,-0.939692620785908));
#3363=DIRECTION('',(0.,0.939692620785908,0.342020143325669));
#3364=DIRECTION('',(1.,0.,0.));
#3365=DIRECTION('',(0.,1.,0.));
#3366=DIRECTION('',(0.,0.,1.));
#3367=DIRECTION('',(-0.939692620785908,0.342020143325669,0.));
#3368=DIRECTION('',(0.342020143325669,0.939692620785908,0.));
#3369=DIRECTION('',(-0.323615577118185,-0.889126490715988,0.323615577118185));
#3370=DIRECTION('',(0.,0.,-1.));
#3371=DIRECTION('',(-0.323615577118185,-0.889126490715988,-0.323615577118185));
#3372=DIRECTION('',(0.,0.342020143325669,0.939692620785908));
#3373=DIRECTION('',(0.,0.939692620785908,-0.342020143325669));
#3374=DIRECTION('',(0.323615577118185,-0.889126490715988,0.323615577118185));
#3375=DIRECTION('',(-1.,0.,0.));
#3376=DIRECTION('',(0.939692620785908,0.342020143325669,0.));
#3377=DIRECTION('',(-0.342020143325669,0.939692620785908,0.));
#3378=DIRECTION('',(0.323615577118185,-0.889126490715988,-0.323615577118185));
#3379=DIRECTION('',(0.,0.,1.));
#3380=DIRECTION('',(0.,0.342020143325669,-0.939692620785908));
#3381=DIRECTION('',(0.,0.939692620785908,0.342020143325669));
#3382=DIRECTION('',(1.,0.,0.));
#3383=DIRECTION('',(0.,1.,0.));
#3384=DIRECTION('',(0.,0.,1.));
#3385=DIRECTION('',(0.,-1.,7.85406298178476E-17));
#3386=DIRECTION('',(0.,-7.85406298178476E-17,-1.));
#3387=DIRECTION('',(0.,-1.,0.));
#3388=DIRECTION('',(1.,0.,0.));
#3389=DIRECTION('',(0.,0.,1.));
#3390=DIRECTION('',(1.,0.,0.));
#3391=DIRECTION('',(-1.,0.,0.));
#3392=DIRECTION('',(0.,1.,0.));
#3393=DIRECTION('',(-1.,0.,0.));
#3394=DIRECTION('',(0.,1.,0.));
#3395=DIRECTION('',(-1.,0.,0.));
#3396=DIRECTION('',(0.,-1.,0.));
#3397=DIRECTION('',(-1.,0.,0.));
#3398=DIRECTION('',(0.,1.,0.));
#3399=DIRECTION('',(-1.,0.,0.));
#3400=DIRECTION('',(0.,-1.,0.));
#3401=DIRECTION('',(-1.,0.,0.));
#3402=DIRECTION('',(0.,1.,0.));
#3403=DIRECTION('',(-1.,0.,0.));
#3404=DIRECTION('',(0.,-1.,0.));
#3405=DIRECTION('',(-1.,0.,0.));
#3406=DIRECTION('',(0.,1.,0.));
#3407=DIRECTION('',(0.,0.,-1.));
#3408=DIRECTION('',(-1.,0.,0.));
#3409=DIRECTION('',(1.,0.,0.));
#3410=DIRECTION('',(0.,-1.,0.));
#3411=DIRECTION('',(-1.,0.,0.));
#3412=DIRECTION('',(0.,1.,0.));
#3413=DIRECTION('',(1.,0.,0.));
#3414=DIRECTION('',(0.,-1.,0.));
#3415=DIRECTION('',(-1.,0.,0.));
#3416=DIRECTION('',(0.,1.,0.));
#3417=DIRECTION('',(1.,0.,0.));
#3418=DIRECTION('',(0.,-1.,0.));
#3419=DIRECTION('',(-1.,0.,0.));
#3420=DIRECTION('',(0.,1.,0.));
#3421=DIRECTION('',(1.,0.,0.));
#3422=DIRECTION('',(0.,-1.,0.));
#3423=DIRECTION('',(-1.,0.,0.));
#3424=DIRECTION('',(0.,-1.,0.));
#3425=DIRECTION('',(1.,0.,0.));
#3426=DIRECTION('',(0.,0.,-1.));
#3427=DIRECTION('',(0.,-7.76869273198275E-17,1.));
#3428=DIRECTION('',(1.,0.,0.));
#3429=DIRECTION('',(0.,0.,-1.));
#3430=DIRECTION('',(0.,-0.707106809265619,0.707106753107475));
#3431=DIRECTION('',(1.,0.,0.));
#3432=DIRECTION('',(0.,0.,-1.));
#3433=DIRECTION('',(0.,-1.,0.));
#3434=DIRECTION('',(0.,0.,-1.));
#3435=DIRECTION('',(0.,1.,0.));
#3436=DIRECTION('',(1.,0.,0.));
#3437=DIRECTION('',(0.,0.,-1.));
#3438=DIRECTION('',(0.,0.707106809265619,-0.707106753107475));
#3439=DIRECTION('',(1.,0.,0.));
#3440=DIRECTION('',(0.,0.,-1.));
#3441=DIRECTION('',(1.,0.,0.));
#3442=DIRECTION('',(0.,0.,-1.));
#3443=DIRECTION('',(0.,-7.76869273198275E-17,1.));
#3444=DIRECTION('',(1.,0.,0.));
#3445=DIRECTION('',(0.,0.,-1.));
#3446=DIRECTION('',(0.,0.707106809265619,-0.707106753107475));
#3447=DIRECTION('',(1.,0.,0.));
#3448=DIRECTION('',(0.,0.,-1.));
#3449=DIRECTION('',(0.,1.,0.));
#3450=DIRECTION('',(0.,0.,-1.));
#3451=DIRECTION('',(0.,-1.,0.));
#3452=DIRECTION('',(1.,0.,0.));
#3453=DIRECTION('',(0.,0.,-1.));
#3454=DIRECTION('',(0.,-0.707106809265619,0.707106753107475));
#3455=DIRECTION('',(1.,0.,0.));
#3456=DIRECTION('',(0.,0.,-1.));
#3457=DIRECTION('',(0.,0.,-1.));
#3458=DIRECTION('',(-1.,0.,0.));
#3459=DIRECTION('',(-1.,0.,0.));
#3460=DIRECTION('',(0.,-1.,0.));
#3461=DIRECTION('',(-1.,0.,0.));
#3462=DIRECTION('',(0.,1.,0.));
#3463=DIRECTION('',(0.,0.,-1.));
#3464=DIRECTION('',(-1.,0.,0.));
#3465=DIRECTION('',(-1.,0.,0.));
#3466=DIRECTION('',(0.,1.,0.));
#3467=DIRECTION('',(-1.,0.,0.));
#3468=DIRECTION('',(0.,-1.,0.));
#3469=DIRECTION('',(0.,0.,1.));
#3470=DIRECTION('',(1.,0.,0.));
#3471=DIRECTION('',(-1.,0.,0.));
#3472=DIRECTION('',(0.,-1.,0.));
#3473=DIRECTION('',(-1.,0.,0.));
#3474=DIRECTION('',(0.,1.,0.));
#3475=DIRECTION('',(0.,0.,1.));
#3476=DIRECTION('',(1.,0.,0.));
#3477=DIRECTION('',(-1.,0.,0.));
#3478=DIRECTION('',(0.,1.,0.));
#3479=DIRECTION('',(-1.,0.,0.));
#3480=DIRECTION('',(0.,-1.,0.));
#3481=DIRECTION('',(-1.,0.,0.));
#3482=DIRECTION('',(0.,0.,1.));
#3483=DIRECTION('',(-1.,0.,0.));
#3484=DIRECTION('',(0.,0.,1.));
#3485=DIRECTION('',(1.,0.,0.));
#3486=DIRECTION('',(0.,0.,-1.));
#3487=DIRECTION('',(-1.,0.,0.));
#3488=DIRECTION('',(-1.,0.,0.));
#3489=DIRECTION('',(0.,0.,1.));
#3490=DIRECTION('',(1.,0.,0.));
#3491=DIRECTION('',(0.,0.,-1.));
#3492=DIRECTION('',(-1.,0.,0.));
#3493=DIRECTION('',(-1.,0.,0.));
#3494=DIRECTION('',(0.,0.,1.));
#3495=DIRECTION('',(0.,0.707106753107475,0.707106809265619));
#3496=DIRECTION('',(0.,-0.707106809265619,0.707106753107475));
#3497=DIRECTION('',(-1.,0.,0.));
#3498=DIRECTION('',(0.,-0.707106809265619,0.707106753107475));
#3499=DIRECTION('',(0.,0.707106809265619,-0.707106753107475));
#3500=DIRECTION('',(0.,0.707106753107475,0.707106809265619));
#3501=DIRECTION('',(0.,-0.707106809265619,0.707106753107475));
#3502=DIRECTION('',(0.,0.707106809265619,-0.707106753107475));
#3503=DIRECTION('',(-1.,0.,0.));
#3504=DIRECTION('',(0.,-0.707106809265619,0.707106753107475));
#3505=DIRECTION('',(-1.,0.,0.));
#3506=DIRECTION('',(0.,0.,1.));
#3507=DIRECTION('',(-1.,0.,0.));
#3508=DIRECTION('',(0.,0.,1.));
#3509=DIRECTION('',(1.,0.,0.));
#3510=DIRECTION('',(0.,0.,-1.));
#3511=DIRECTION('',(-1.,0.,0.));
#3512=DIRECTION('',(0.,0.,1.));
#3513=DIRECTION('',(1.,0.,0.));
#3514=DIRECTION('',(0.,0.,-1.));
#3515=DIRECTION('',(-1.,0.,0.));
#3516=DIRECTION('',(0.,0.,1.));
#3517=DIRECTION('',(-1.,0.,0.));
#3518=DIRECTION('',(0.,0.,1.));
#3519=DIRECTION('',(-1.,0.,0.));
#3520=DIRECTION('',(0.,0.,1.));
#3521=DIRECTION('',(1.,0.,0.));
#3522=DIRECTION('',(0.,0.,-1.));
#3523=DIRECTION('',(-1.,0.,0.));
#3524=DIRECTION('',(-1.,0.,0.));
#3525=DIRECTION('',(0.,0.,1.));
#3526=DIRECTION('',(1.,0.,0.));
#3527=DIRECTION('',(0.,0.,-1.));
#3528=DIRECTION('',(-1.,0.,0.));
#3529=DIRECTION('',(-1.,0.,0.));
#3530=DIRECTION('',(0.,0.,1.));
#3531=DIRECTION('',(0.,-0.707106753107475,-0.707106809265619));
#3532=DIRECTION('',(0.,0.707106809265619,-0.707106753107475));
#3533=DIRECTION('',(-1.,0.,0.));
#3534=DIRECTION('',(0.,0.707106809265619,-0.707106753107475));
#3535=DIRECTION('',(0.,-0.707106809265619,0.707106753107475));
#3536=DIRECTION('',(0.,-0.707106753107475,-0.707106809265619));
#3537=DIRECTION('',(0.,0.707106809265619,-0.707106753107475));
#3538=DIRECTION('',(0.,-0.707106809265619,0.707106753107475));
#3539=DIRECTION('',(-1.,0.,0.));
#3540=DIRECTION('',(0.,0.707106809265619,-0.707106753107475));
#3541=DIRECTION('',(-1.,0.,0.));
#3542=DIRECTION('',(0.,0.,1.));
#3543=DIRECTION('',(-1.,0.,0.));
#3544=DIRECTION('',(0.,0.,1.));
#3545=DIRECTION('',(1.,0.,0.));
#3546=DIRECTION('',(0.,0.,-1.));
#3547=DIRECTION('',(-1.,0.,0.));
#3548=DIRECTION('',(0.,0.,1.));
#3549=DIRECTION('',(1.,0.,0.));
#3550=DIRECTION('',(0.,0.,-1.));
#3551=DIRECTION('',(-1.,0.,0.));
#3552=DIRECTION('',(0.,0.,1.));
#3553=DIRECTION('',(0.,0.,-1.));
#3554=DIRECTION('',(-1.,0.,0.));
#3555=DIRECTION('',(-1.,0.,0.));
#3556=DIRECTION('',(0.,-1.,0.));
#3557=DIRECTION('',(-1.,0.,0.));
#3558=DIRECTION('',(0.,0.,1.));
#3559=DIRECTION('',(1.,0.,0.));
#3560=DIRECTION('',(-1.,0.,0.));
#3561=DIRECTION('',(0.,-1.,0.));
#3562=DIRECTION('',(-1.,0.,0.));
#3563=DIRECTION('',(-1.,0.,0.));
#3564=DIRECTION('',(0.,0.,1.));
#3565=DIRECTION('',(-1.,0.,0.));
#3566=DIRECTION('',(0.,0.,1.));
#3567=DIRECTION('',(-1.,0.,0.));
#3568=DIRECTION('',(0.,0.707106753107475,0.707106809265619));
#3569=DIRECTION('',(0.,-0.707106809265619,0.707106753107475));
#3570=DIRECTION('',(-1.,0.,0.));
#3571=DIRECTION('',(0.,-0.707106809265619,0.707106753107475));
#3572=DIRECTION('',(-1.,0.,0.));
#3573=DIRECTION('',(0.,0.,1.));
#3574=DIRECTION('',(-1.,0.,0.));
#3575=DIRECTION('',(0.,0.,1.));
#3576=DIRECTION('',(-1.,0.,0.));
#3577=DIRECTION('',(0.,0.,1.));
#3578=DIRECTION('',(-1.,0.,0.));
#3579=DIRECTION('',(0.,0.,1.));
#3580=DIRECTION('',(-1.,0.,0.));
#3581=DIRECTION('',(0.,-0.707106753107475,-0.707106809265619));
#3582=DIRECTION('',(0.,0.707106809265619,-0.707106753107475));
#3583=DIRECTION('',(-1.,0.,0.));
#3584=DIRECTION('',(0.,0.707106809265619,-0.707106753107475));
#3585=DIRECTION('',(-1.,0.,0.));
#3586=DIRECTION('',(0.,0.,1.));
#3587=DIRECTION('',(-1.,0.,0.));
#3588=DIRECTION('',(0.,0.,1.));
#3589=DIRECTION('',(0.,0.,-1.));
#3590=DIRECTION('',(-1.,0.,0.));
#3591=DIRECTION('',(-1.,0.,0.));
#3592=DIRECTION('',(0.,1.,0.));
#3593=DIRECTION('',(-1.,0.,0.));
#3594=DIRECTION('',(0.,0.,1.));
#3595=DIRECTION('',(1.,0.,0.));
#3596=DIRECTION('',(-1.,0.,0.));
#3597=DIRECTION('',(0.,1.,0.));
#3598=DIRECTION('',(-1.,0.,0.));
#3599=DIRECTION('',(-1.,0.,0.));
#3600=DIRECTION('',(0.,0.,1.));
#3601=DIRECTION('',(1.,0.,0.));
#3602=DIRECTION('',(0.,0.,-1.));
#3603=DIRECTION('',(-1.,0.,0.));
#3604=DIRECTION('',(0.,0.707106753107475,0.707106809265619));
#3605=DIRECTION('',(0.,-0.707106809265619,0.707106753107475));
#3606=DIRECTION('',(0.,0.707106809265619,-0.707106753107475));
#3607=DIRECTION('',(-1.,0.,0.));
#3608=DIRECTION('',(-1.,0.,0.));
#3609=DIRECTION('',(0.,0.,1.));
#3610=DIRECTION('',(1.,0.,0.));
#3611=DIRECTION('',(0.,0.,-1.));
#3612=DIRECTION('',(-1.,0.,0.));
#3613=DIRECTION('',(0.,0.,1.));
#3614=DIRECTION('',(1.,0.,0.));
#3615=DIRECTION('',(0.,0.,-1.));
#3616=DIRECTION('',(-1.,0.,0.));
#3617=DIRECTION('',(0.,-0.707106753107475,-0.707106809265619));
#3618=DIRECTION('',(0.,0.707106809265619,-0.707106753107475));
#3619=DIRECTION('',(0.,-0.707106809265619,0.707106753107475));
#3620=DIRECTION('',(-1.,0.,0.));
#3621=DIRECTION('',(-1.,0.,0.));
#3622=DIRECTION('',(0.,0.,1.));
#3623=DIRECTION('',(1.,0.,0.));
#3624=DIRECTION('',(0.,0.,-1.));
#3625=DIRECTION('',(0.,1.,0.));
#3626=DIRECTION('',(0.,0.,1.));
#3627=DIRECTION('',(0.,0.,1.));
#3628=DIRECTION('',(0.,0.,1.));
#3629=DIRECTION('',(-1.,0.,0.));
#3630=DIRECTION('',(0.,0.,1.));
#3631=DIRECTION('',(0.,0.,1.));
#3632=DIRECTION('',(1.,0.,0.));
#3633=DIRECTION('',(0.,0.,-1.));
#3634=DIRECTION('',(0.,0.,-1.));
#3635=DIRECTION('',(0.,1.,0.));
#3636=DIRECTION('',(0.,0.,1.));
#3637=DIRECTION('',(0.,0.,1.));
#3638=DIRECTION('',(0.,0.,1.));
#3639=DIRECTION('',(-1.,0.,0.));
#3640=DIRECTION('',(0.,0.,1.));
#3641=DIRECTION('',(0.,0.,1.));
#3642=DIRECTION('',(1.,0.,0.));
#3643=DIRECTION('',(0.,0.,-1.));
#3644=DIRECTION('',(0.,0.,-1.));
#3645=DIRECTION('',(0.,1.,0.));
#3646=DIRECTION('',(0.,0.,1.));
#3647=DIRECTION('',(0.,0.,1.));
#3648=DIRECTION('',(0.,0.,1.));
#3649=DIRECTION('',(-1.,0.,0.));
#3650=DIRECTION('',(0.,0.,1.));
#3651=DIRECTION('',(0.,0.,1.));
#3652=DIRECTION('',(1.,0.,0.));
#3653=DIRECTION('',(0.,0.,-1.));
#3654=DIRECTION('',(0.,0.,-1.));
#3655=DIRECTION('',(-0.939692620785908,-0.342020143325669,0.));
#3656=DIRECTION('',(0.342020143325669,-0.939692620785908,0.));
#3657=DIRECTION('',(-0.323615577118185,0.889126490715988,-0.323615577118185));
#3658=DIRECTION('',(0.,0.,1.));
#3659=DIRECTION('',(-0.323615577118185,0.889126490715988,0.323615577118185));
#3660=DIRECTION('',(0.,-0.342020143325669,0.939692620785908));
#3661=DIRECTION('',(0.,-0.939692620785908,-0.342020143325669));
#3662=DIRECTION('',(1.,0.,0.));
#3663=DIRECTION('',(0.323615577118185,0.889126490715988,0.323615577118185));
#3664=DIRECTION('',(0.939692620785908,-0.342020143325669,0.));
#3665=DIRECTION('',(-0.342020143325669,-0.939692620785908,0.));
#3666=DIRECTION('',(0.,0.,-1.));
#3667=DIRECTION('',(0.323615577118185,0.889126490715988,-0.323615577118185));
#3668=DIRECTION('',(0.,-0.342020143325669,-0.939692620785908));
#3669=DIRECTION('',(0.,-0.939692620785908,0.342020143325669));
#3670=DIRECTION('',(-1.,0.,0.));
#3671=DIRECTION('',(0.,1.,0.));
#3672=DIRECTION('',(0.,0.,1.));
#3673=DIRECTION('',(-0.939692620785908,-0.342020143325669,0.));
#3674=DIRECTION('',(0.342020143325669,-0.939692620785908,0.));
#3675=DIRECTION('',(-0.323615577118185,0.889126490715988,-0.323615577118185));
#3676=DIRECTION('',(0.,0.,1.));
#3677=DIRECTION('',(-0.323615577118185,0.889126490715988,0.323615577118185));
#3678=DIRECTION('',(0.,-0.342020143325669,0.939692620785908));
#3679=DIRECTION('',(0.,-0.939692620785908,-0.342020143325669));
#3680=DIRECTION('',(1.,0.,0.));
#3681=DIRECTION('',(0.323615577118185,0.889126490715988,0.323615577118185));
#3682=DIRECTION('',(0.939692620785908,-0.342020143325669,0.));
#3683=DIRECTION('',(-0.342020143325669,-0.939692620785908,0.));
#3684=DIRECTION('',(0.,0.,-1.));
#3685=DIRECTION('',(0.323615577118185,0.889126490715988,-0.323615577118185));
#3686=DIRECTION('',(0.,-0.342020143325669,-0.939692620785908));
#3687=DIRECTION('',(0.,-0.939692620785908,0.342020143325669));
#3688=DIRECTION('',(-1.,0.,0.));
#3689=DIRECTION('',(0.,1.,0.));
#3690=DIRECTION('',(0.,0.,1.));
#3691=DIRECTION('',(-0.939692620785908,-0.342020143325669,0.));
#3692=DIRECTION('',(0.342020143325669,-0.939692620785908,0.));
#3693=DIRECTION('',(-0.323615577118185,0.889126490715988,-0.323615577118185));
#3694=DIRECTION('',(0.,0.,1.));
#3695=DIRECTION('',(-0.323615577118185,0.889126490715988,0.323615577118185));
#3696=DIRECTION('',(0.,-0.342020143325669,0.939692620785908));
#3697=DIRECTION('',(0.,-0.939692620785908,-0.342020143325669));
#3698=DIRECTION('',(1.,0.,0.));
#3699=DIRECTION('',(0.323615577118185,0.889126490715988,0.323615577118185));
#3700=DIRECTION('',(0.939692620785908,-0.342020143325669,0.));
#3701=DIRECTION('',(-0.342020143325669,-0.939692620785908,0.));
#3702=DIRECTION('',(0.,0.,-1.));
#3703=DIRECTION('',(0.323615577118185,0.889126490715988,-0.323615577118185));
#3704=DIRECTION('',(0.,-0.342020143325669,-0.939692620785908));
#3705=DIRECTION('',(0.,-0.939692620785908,0.342020143325669));
#3706=DIRECTION('',(-1.,0.,0.));
#3707=DIRECTION('',(0.,1.,0.));
#3708=DIRECTION('',(0.,0.,1.));
#3709=DIRECTION('',(-0.939692620785908,-0.342020143325669,0.));
#3710=DIRECTION('',(0.342020143325669,-0.939692620785908,0.));
#3711=DIRECTION('',(-0.323615577118185,0.889126490715988,-0.323615577118185));
#3712=DIRECTION('',(0.,0.,1.));
#3713=DIRECTION('',(-0.323615577118185,0.889126490715988,0.323615577118185));
#3714=DIRECTION('',(0.,-0.342020143325669,0.939692620785908));
#3715=DIRECTION('',(0.,-0.939692620785908,-0.342020143325669));
#3716=DIRECTION('',(1.,0.,0.));
#3717=DIRECTION('',(0.323615577118185,0.889126490715988,0.323615577118185));
#3718=DIRECTION('',(0.939692620785908,-0.342020143325669,0.));
#3719=DIRECTION('',(-0.342020143325669,-0.939692620785908,0.));
#3720=DIRECTION('',(0.,0.,-1.));
#3721=DIRECTION('',(0.323615577118185,0.889126490715988,-0.323615577118185));
#3722=DIRECTION('',(0.,-0.342020143325669,-0.939692620785908));
#3723=DIRECTION('',(0.,-0.939692620785908,0.342020143325669));
#3724=DIRECTION('',(-1.,0.,0.));
#3725=DIRECTION('',(0.,1.,0.));
#3726=DIRECTION('',(0.,0.,1.));
#3727=DIRECTION('',(0.,1.,7.76869273198275E-17));
#3728=DIRECTION('',(0.,-7.76869273198275E-17,1.));
#3729=DIRECTION('',(0.,-1.,0.));
#3730=DIRECTION('',(1.,0.,0.));
#3731=CARTESIAN_POINT('',(0.,0.,0.));
#3732=CARTESIAN_POINT('',(-0.2,-0.06,0.05));
#3733=CARTESIAN_POINT('',(0.115,-0.06,0.0500000000000001));
#3734=CARTESIAN_POINT('',(0.115,-0.0599999999999999,0.045));
#3735=CARTESIAN_POINT('',(0.115,-0.06,0.05));
#3736=CARTESIAN_POINT('',(-0.2,-0.06,0.045));
#3737=CARTESIAN_POINT('',(0.0849999999999999,-0.0599999999999999,0.045));
#3738=CARTESIAN_POINT('',(0.085,-0.06,0.05));
#3739=CARTESIAN_POINT('',(0.0849999999999999,-0.06,0.05));
#3740=CARTESIAN_POINT('',(-0.2,-0.06,0.05));
#3741=CARTESIAN_POINT('',(0.0149999999999998,-0.06,0.05));
#3742=CARTESIAN_POINT('',(0.0149999999999998,-0.06,0.05));
#3743=CARTESIAN_POINT('',(0.0149999999999998,-0.0599999999999999,0.045));
#3744=CARTESIAN_POINT('',(-0.2,-0.06,0.045));
#3745=CARTESIAN_POINT('',(-0.015,-0.0599999999999999,0.045));
#3746=CARTESIAN_POINT('',(-0.015,-0.06,0.05));
#3747=CARTESIAN_POINT('',(-0.015,-0.06,0.05));
#3748=CARTESIAN_POINT('',(-0.2,-0.06,0.05));
#3749=CARTESIAN_POINT('',(-0.0849999999999999,-0.06,0.05));
#3750=CARTESIAN_POINT('',(-0.0849999999999999,-0.06,0.05));
#3751=CARTESIAN_POINT('',(-0.0849999999999999,-0.0599999999999999,0.045));
#3752=CARTESIAN_POINT('',(-0.2,-0.06,0.045));
#3753=CARTESIAN_POINT('',(-0.115,-0.0599999999999999,0.045));
#3754=CARTESIAN_POINT('',(-0.115,-0.06,0.05));
#3755=CARTESIAN_POINT('',(-0.115,-0.06,0.05));
#3756=CARTESIAN_POINT('',(-0.2,-0.06,0.05));
#3757=CARTESIAN_POINT('',(-0.2,-0.06,0.05));
#3758=CARTESIAN_POINT('',(-0.2,-0.06,0.05));
#3759=CARTESIAN_POINT('',(-0.2,-0.06,-0.05));
#3760=CARTESIAN_POINT('',(-0.2,-0.06,-0.05));
#3761=CARTESIAN_POINT('',(-0.115,-0.06,-0.05));
#3762=CARTESIAN_POINT('',(-0.115,-0.06,0.05));
#3763=CARTESIAN_POINT('',(-0.115,-0.0599999999999999,-0.045));
#3764=CARTESIAN_POINT('',(-0.2,-0.06,-0.045));
#3765=CARTESIAN_POINT('',(-0.085,-0.0599999999999999,-0.045));
#3766=CARTESIAN_POINT('',(-0.085,-0.06,0.05));
#3767=CARTESIAN_POINT('',(-0.085,-0.06,-0.05));
#3768=CARTESIAN_POINT('',(-0.2,-0.06,-0.05));
#3769=CARTESIAN_POINT('',(-0.015,-0.06,-0.05));
#3770=CARTESIAN_POINT('',(-0.015,-0.06,0.05));
#3771=CARTESIAN_POINT('',(-0.015,-0.0599999999999999,-0.045));
#3772=CARTESIAN_POINT('',(-0.2,-0.06,-0.045));
#3773=CARTESIAN_POINT('',(0.015,-0.0599999999999999,-0.045));
#3774=CARTESIAN_POINT('',(0.015,-0.06,0.05));
#3775=CARTESIAN_POINT('',(0.015,-0.06,-0.05));
#3776=CARTESIAN_POINT('',(-0.2,-0.06,-0.05));
#3777=CARTESIAN_POINT('',(0.085,-0.06,-0.05));
#3778=CARTESIAN_POINT('',(0.085,-0.06,0.05));
#3779=CARTESIAN_POINT('',(0.085,-0.0599999999999999,-0.045));
#3780=CARTESIAN_POINT('',(-0.2,-0.06,-0.045));
#3781=CARTESIAN_POINT('',(0.115,-0.0599999999999999,-0.045));
#3782=CARTESIAN_POINT('',(0.115,-0.06,0.0500000000000001));
#3783=CARTESIAN_POINT('',(0.115,-0.06,-0.05));
#3784=CARTESIAN_POINT('',(-0.2,-0.06,-0.05));
#3785=CARTESIAN_POINT('',(0.2,-0.06,-0.05));
#3786=CARTESIAN_POINT('',(0.2,-0.06,0.05));
#3787=CARTESIAN_POINT('',(0.2,-0.06,0.05));
#3788=CARTESIAN_POINT('',(-0.2,-0.06,0.05));
#3789=CARTESIAN_POINT('',(0.085,0.048,0.05));
#3790=CARTESIAN_POINT('',(0.085,0.048,0.05));
#3791=CARTESIAN_POINT('',(0.0849999999999999,0.048,0.045));
#3792=CARTESIAN_POINT('',(0.085,0.048,-0.045));
#3793=CARTESIAN_POINT('',(0.085,0.048,0.045));
#3794=CARTESIAN_POINT('',(0.115,0.048,0.045));
#3795=CARTESIAN_POINT('',(0.115,0.048,0.05));
#3796=CARTESIAN_POINT('',(0.115,0.048,-0.045));
#3797=CARTESIAN_POINT('',(0.085,0.048,-0.045));
#3798=CARTESIAN_POINT('',(-0.015,0.048,0.05));
#3799=CARTESIAN_POINT('',(-0.015,0.048,0.05));
#3800=CARTESIAN_POINT('',(-0.015,0.048,0.045));
#3801=CARTESIAN_POINT('',(-0.015,0.048,-0.045));
#3802=CARTESIAN_POINT('',(-0.015,0.048,0.045));
#3803=CARTESIAN_POINT('',(0.0149999999999998,0.048,0.045));
#3804=CARTESIAN_POINT('',(0.015,0.048,0.05));
#3805=CARTESIAN_POINT('',(0.015,0.048,-0.045));
#3806=CARTESIAN_POINT('',(-0.015,0.048,-0.045));
#3807=CARTESIAN_POINT('',(-0.115,0.048,0.05));
#3808=CARTESIAN_POINT('',(-0.115,0.048,0.05));
#3809=CARTESIAN_POINT('',(-0.115,0.048,0.045));
#3810=CARTESIAN_POINT('',(-0.115,0.048,-0.045));
#3811=CARTESIAN_POINT('',(-0.115,0.048,0.045));
#3812=CARTESIAN_POINT('',(-0.0849999999999999,0.048,0.045));
#3813=CARTESIAN_POINT('',(-0.085,0.048,0.05));
#3814=CARTESIAN_POINT('',(-0.085,0.048,-0.045));
#3815=CARTESIAN_POINT('',(-0.115,0.048,-0.045));
#3816=CARTESIAN_POINT('',(0.,0.,0.05));
#3817=CARTESIAN_POINT('',(-0.13775,0.02225,0.05));
#3818=CARTESIAN_POINT('',(-0.13775,0.02225,0.05));
#3819=CARTESIAN_POINT('',(-0.16225,0.02225,0.05));
#3820=CARTESIAN_POINT('',(-0.13775,-0.00225,0.05));
#3821=CARTESIAN_POINT('',(-0.13775,-0.00225,0.05));
#3822=CARTESIAN_POINT('',(-0.16225,-0.00225,0.05));
#3823=CARTESIAN_POINT('',(-0.16225,-0.00225,0.05));
#3824=CARTESIAN_POINT('',(-0.16225,0.02225,0.05));
#3825=CARTESIAN_POINT('',(-0.115,0.148,0.05));
#3826=CARTESIAN_POINT('',(-0.115,0.06,0.05));
#3827=CARTESIAN_POINT('',(0.2,0.06,0.05));
#3828=CARTESIAN_POINT('',(-0.2,0.06,0.05));
#3829=CARTESIAN_POINT('',(-0.2,0.06,0.05));
#3830=CARTESIAN_POINT('',(0.,0.,0.05));
#3831=CARTESIAN_POINT('',(0.16225,0.02225,0.05));
#3832=CARTESIAN_POINT('',(0.16225,0.02225,0.05));
#3833=CARTESIAN_POINT('',(0.13775,0.02225,0.05));
#3834=CARTESIAN_POINT('',(0.16225,-0.00225,0.05));
#3835=CARTESIAN_POINT('',(0.16225,-0.00225,0.05));
#3836=CARTESIAN_POINT('',(0.13775,-0.00225,0.05));
#3837=CARTESIAN_POINT('',(0.13775,-0.00225,0.05));
#3838=CARTESIAN_POINT('',(0.13775,0.02225,0.05));
#3839=CARTESIAN_POINT('',(0.115,0.048,0.05));
#3840=CARTESIAN_POINT('',(0.115,0.06,0.05));
#3841=CARTESIAN_POINT('',(0.2,-0.06,0.05));
#3842=CARTESIAN_POINT('',(0.2,0.06,0.05));
#3843=CARTESIAN_POINT('',(0.2,0.06,0.05));
#3844=CARTESIAN_POINT('',(0.,0.,0.05));
#3845=CARTESIAN_POINT('',(0.06225,0.02225,0.05));
#3846=CARTESIAN_POINT('',(0.06225,0.02225,0.05));
#3847=CARTESIAN_POINT('',(0.03775,0.02225,0.05));
#3848=CARTESIAN_POINT('',(0.06225,-0.00225,0.05));
#3849=CARTESIAN_POINT('',(0.06225,-0.00225,0.05));
#3850=CARTESIAN_POINT('',(0.03775,-0.00225,0.05));
#3851=CARTESIAN_POINT('',(0.03775,-0.00225,0.05));
#3852=CARTESIAN_POINT('',(0.03775,0.02225,0.05));
#3853=CARTESIAN_POINT('',(0.085,0.1,0.05));
#3854=CARTESIAN_POINT('',(0.085,0.06,0.05));
#3855=CARTESIAN_POINT('',(0.2,0.06,0.05));
#3856=CARTESIAN_POINT('',(0.015,0.06,0.05));
#3857=CARTESIAN_POINT('',(0.015,0.048,0.05));
#3858=CARTESIAN_POINT('',(0.,0.,0.05));
#3859=CARTESIAN_POINT('',(-0.03775,0.02225,0.05));
#3860=CARTESIAN_POINT('',(-0.03775,0.02225,0.05));
#3861=CARTESIAN_POINT('',(-0.06225,0.02225,0.05));
#3862=CARTESIAN_POINT('',(-0.03775,-0.00225,0.05));
#3863=CARTESIAN_POINT('',(-0.03775,-0.00225,0.05));
#3864=CARTESIAN_POINT('',(-0.06225,-0.00225,0.05));
#3865=CARTESIAN_POINT('',(-0.06225,-0.00225,0.05));
#3866=CARTESIAN_POINT('',(-0.06225,0.02225,0.05));
#3867=CARTESIAN_POINT('',(-0.015,0.1,0.05));
#3868=CARTESIAN_POINT('',(-0.015,0.06,0.05));
#3869=CARTESIAN_POINT('',(0.2,0.06,0.05));
#3870=CARTESIAN_POINT('',(-0.085,0.06,0.05));
#3871=CARTESIAN_POINT('',(-0.085,0.048,0.05));
#3872=CARTESIAN_POINT('',(0.,0.,-0.05));
#3873=CARTESIAN_POINT('',(-0.13775,0.02225,-0.05));
#3874=CARTESIAN_POINT('',(-0.13775,0.02225,-0.05));
#3875=CARTESIAN_POINT('',(-0.16225,0.02225,-0.05));
#3876=CARTESIAN_POINT('',(-0.16225,0.02225,-0.05));
#3877=CARTESIAN_POINT('',(-0.16225,-0.00225,-0.05));
#3878=CARTESIAN_POINT('',(-0.16225,-0.00225,-0.05));
#3879=CARTESIAN_POINT('',(-0.13775,-0.00225,-0.05));
#3880=CARTESIAN_POINT('',(-0.13775,-0.00225,-0.05));
#3881=CARTESIAN_POINT('',(-0.115,0.,-0.05));
#3882=CARTESIAN_POINT('',(-0.115,0.06,-0.05));
#3883=CARTESIAN_POINT('',(-0.2,0.06,-0.05));
#3884=CARTESIAN_POINT('',(-0.2,0.06,-0.05));
#3885=CARTESIAN_POINT('',(0.2,0.06,-0.05));
#3886=CARTESIAN_POINT('',(0.,0.,-0.05));
#3887=CARTESIAN_POINT('',(-0.03775,0.02225,-0.05));
#3888=CARTESIAN_POINT('',(-0.03775,0.02225,-0.05));
#3889=CARTESIAN_POINT('',(-0.06225,0.02225,-0.05));
#3890=CARTESIAN_POINT('',(-0.06225,0.02225,-0.05));
#3891=CARTESIAN_POINT('',(-0.06225,-0.00225,-0.05));
#3892=CARTESIAN_POINT('',(-0.06225,-0.00225,-0.05));
#3893=CARTESIAN_POINT('',(-0.03775,-0.00225,-0.05));
#3894=CARTESIAN_POINT('',(-0.03775,-0.00225,-0.05));
#3895=CARTESIAN_POINT('',(-0.085,0.048,-0.05));
#3896=CARTESIAN_POINT('',(-0.085,0.06,-0.05));
#3897=CARTESIAN_POINT('',(0.2,0.06,-0.05));
#3898=CARTESIAN_POINT('',(-0.015,0.06,-0.05));
#3899=CARTESIAN_POINT('',(-0.015,0.,-0.05));
#3900=CARTESIAN_POINT('',(0.,0.,-0.05));
#3901=CARTESIAN_POINT('',(0.06225,0.02225,-0.05));
#3902=CARTESIAN_POINT('',(0.06225,0.02225,-0.05));
#3903=CARTESIAN_POINT('',(0.03775,0.02225,-0.05));
#3904=CARTESIAN_POINT('',(0.03775,0.02225,-0.05));
#3905=CARTESIAN_POINT('',(0.03775,-0.00225,-0.05));
#3906=CARTESIAN_POINT('',(0.03775,-0.00225,-0.05));
#3907=CARTESIAN_POINT('',(0.06225,-0.00225,-0.05));
#3908=CARTESIAN_POINT('',(0.06225,-0.00225,-0.05));
#3909=CARTESIAN_POINT('',(0.015,0.048,-0.05));
#3910=CARTESIAN_POINT('',(0.015,0.06,-0.05));
#3911=CARTESIAN_POINT('',(0.2,0.06,-0.05));
#3912=CARTESIAN_POINT('',(0.085,0.06,-0.05));
#3913=CARTESIAN_POINT('',(0.085,0.,-0.05));
#3914=CARTESIAN_POINT('',(0.,0.,-0.05));
#3915=CARTESIAN_POINT('',(0.16225,0.02225,-0.05));
#3916=CARTESIAN_POINT('',(0.16225,0.02225,-0.05));
#3917=CARTESIAN_POINT('',(0.13775,0.02225,-0.05));
#3918=CARTESIAN_POINT('',(0.13775,0.02225,-0.05));
#3919=CARTESIAN_POINT('',(0.13775,-0.00225,-0.05));
#3920=CARTESIAN_POINT('',(0.13775,-0.00225,-0.05));
#3921=CARTESIAN_POINT('',(0.16225,-0.00225,-0.05));
#3922=CARTESIAN_POINT('',(0.16225,-0.00225,-0.05));
#3923=CARTESIAN_POINT('',(0.115,0.048,-0.05));
#3924=CARTESIAN_POINT('',(0.115,0.06,-0.05));
#3925=CARTESIAN_POINT('',(0.2,0.06,-0.05));
#3926=CARTESIAN_POINT('',(0.2,0.06,-0.05));
#3927=CARTESIAN_POINT('',(0.2,-0.06,-0.05));
#3928=CARTESIAN_POINT('',(0.2,0.06,0.05));
#3929=CARTESIAN_POINT('',(-0.115,0.06,0.05));
#3930=CARTESIAN_POINT('',(-0.2,0.06,0.05));
#3931=CARTESIAN_POINT('',(0.2,0.06,0.05));
#3932=CARTESIAN_POINT('',(-0.085,0.06,0.05));
#3933=CARTESIAN_POINT('',(-0.015,0.06,0.05));
#3934=CARTESIAN_POINT('',(0.2,0.06,0.05));
#3935=CARTESIAN_POINT('',(0.015,0.06,0.05));
#3936=CARTESIAN_POINT('',(0.085,0.06,0.05));
#3937=CARTESIAN_POINT('',(0.2,0.06,0.05));
#3938=CARTESIAN_POINT('',(0.115,0.06,0.05));
#3939=CARTESIAN_POINT('',(0.2,0.06,0.05));
#3940=CARTESIAN_POINT('',(-0.2,0.06,0.05));
#3941=CARTESIAN_POINT('',(0.16225,0.02225,0.05));
#3942=CARTESIAN_POINT('',(0.16225,0.02225,0.05));
#3943=CARTESIAN_POINT('',(0.13775,0.02225,0.05));
#3944=CARTESIAN_POINT('',(0.16225,-0.00225,0.05));
#3945=CARTESIAN_POINT('',(0.16225,-0.00225,0.05));
#3946=CARTESIAN_POINT('',(0.13775,-0.00225,0.05));
#3947=CARTESIAN_POINT('',(0.13775,-0.00225,0.05));
#3948=CARTESIAN_POINT('',(0.06225,0.02225,0.05));
#3949=CARTESIAN_POINT('',(0.06225,0.02225,0.05));
#3950=CARTESIAN_POINT('',(0.03775,0.02225,0.05));
#3951=CARTESIAN_POINT('',(0.06225,-0.00225,0.05));
#3952=CARTESIAN_POINT('',(0.06225,-0.00225,0.05));
#3953=CARTESIAN_POINT('',(0.03775,-0.00225,0.05));
#3954=CARTESIAN_POINT('',(0.03775,-0.00225,0.05));
#3955=CARTESIAN_POINT('',(-0.03775,0.02225,0.05));
#3956=CARTESIAN_POINT('',(-0.03775,0.02225,0.05));
#3957=CARTESIAN_POINT('',(-0.06225,0.02225,0.05));
#3958=CARTESIAN_POINT('',(-0.03775,-0.00225,0.05));
#3959=CARTESIAN_POINT('',(-0.03775,-0.00225,0.05));
#3960=CARTESIAN_POINT('',(-0.06225,-0.00225,0.05));
#3961=CARTESIAN_POINT('',(-0.06225,-0.00225,0.05));
#3962=CARTESIAN_POINT('',(-0.13775,0.02225,0.05));
#3963=CARTESIAN_POINT('',(-0.13775,0.02225,0.05));
#3964=CARTESIAN_POINT('',(-0.16225,0.02225,0.05));
#3965=CARTESIAN_POINT('',(-0.13775,-0.00225,0.05));
#3966=CARTESIAN_POINT('',(-0.13775,-0.00225,0.05));
#3967=CARTESIAN_POINT('',(-0.16225,-0.00225,0.05));
#3968=CARTESIAN_POINT('',(-0.16225,-0.00225,0.05));
#3969=CARTESIAN_POINT('',(0.13775,0.02225,0.05));
#3970=CARTESIAN_POINT('',(0.03775,0.02225,0.05));
#3971=CARTESIAN_POINT('',(-0.06225,0.02225,0.05));
#3972=CARTESIAN_POINT('',(-0.16225,0.02225,0.05));
#3973=CARTESIAN_POINT('',(0.2,-0.06,0.05));
#3974=CARTESIAN_POINT('',(0.115,0.048,0.05));
#3975=CARTESIAN_POINT('',(0.115,0.12,-0.045));
#3976=CARTESIAN_POINT('',(0.115,0.12,0.045));
#3977=CARTESIAN_POINT('',(0.085,0.1,0.05));
#3978=CARTESIAN_POINT('',(0.0849999999999999,0.12,0.045));
#3979=CARTESIAN_POINT('',(0.085,0.12,-0.045));
#3980=CARTESIAN_POINT('',(0.015,0.048,0.05));
#3981=CARTESIAN_POINT('',(0.015,0.12,-0.045));
#3982=CARTESIAN_POINT('',(0.0149999999999998,0.12,0.045));
#3983=CARTESIAN_POINT('',(-0.015,0.1,0.05));
#3984=CARTESIAN_POINT('',(-0.015,0.12,0.045));
#3985=CARTESIAN_POINT('',(-0.015,0.12,-0.045));
#3986=CARTESIAN_POINT('',(-0.115,0.148,0.05));
#3987=CARTESIAN_POINT('',(-0.115,0.12,0.045));
#3988=CARTESIAN_POINT('',(-0.115,0.12,-0.045));
#3989=CARTESIAN_POINT('',(-0.085,0.048,0.05));
#3990=CARTESIAN_POINT('',(-0.085,0.12,-0.045));
#3991=CARTESIAN_POINT('',(-0.0849999999999999,0.12,0.045));
#3992=CARTESIAN_POINT('',(-0.115,0.12,-0.045));
#3993=CARTESIAN_POINT('',(-0.015,0.12,-0.045));
#3994=CARTESIAN_POINT('',(0.085,0.12,-0.045));
#3995=CARTESIAN_POINT('',(-0.0849999999999999,0.12,0.045));
#3996=CARTESIAN_POINT('',(0.0149999999999998,0.12,0.045));
#3997=CARTESIAN_POINT('',(0.115,0.12,0.045));
#3998=CARTESIAN_POINT('',(0.,0.06,7.34788079488412E-18));
#3999=CARTESIAN_POINT('',(0.1625,0.16856602,-0.0825));
#4000=CARTESIAN_POINT('',(0.1625,0.229999999999998,-0.0825));
#4001=CARTESIAN_POINT('',(-0.1625,0.229999999999998,-0.0825));
#4002=CARTESIAN_POINT('',(0.1625,0.229999999999998,-0.0825));
#4003=CARTESIAN_POINT('',(-0.1625,0.16856602,-0.0825));
#4004=CARTESIAN_POINT('',(-0.1625,0.49,-0.0825));
#4005=CARTESIAN_POINT('',(0.1625,0.49,-0.0825));
#4006=CARTESIAN_POINT('',(-0.1375,0.49,-0.0825));
#4007=CARTESIAN_POINT('',(-0.1375,0.16856602,-0.0825));
#4008=CARTESIAN_POINT('',(-0.1375,0.235,-0.0825));
#4009=CARTESIAN_POINT('',(0.1625,0.235,-0.0825));
#4010=CARTESIAN_POINT('',(-0.0625,0.235,-0.0825));
#4011=CARTESIAN_POINT('',(-0.0625,0.16856602,-0.0825));
#4012=CARTESIAN_POINT('',(-0.0625,0.49,-0.0825));
#4013=CARTESIAN_POINT('',(0.1625,0.49,-0.0825));
#4014=CARTESIAN_POINT('',(-0.0375,0.49,-0.0825));
#4015=CARTESIAN_POINT('',(-0.0375,0.16856602,-0.0825));
#4016=CARTESIAN_POINT('',(-0.0375,0.235,-0.0825));
#4017=CARTESIAN_POINT('',(0.1625,0.235,-0.0825));
#4018=CARTESIAN_POINT('',(0.0375,0.235,-0.0825));
#4019=CARTESIAN_POINT('',(0.0375,0.16856602,-0.0825));
#4020=CARTESIAN_POINT('',(0.0375,0.49,-0.0825));
#4021=CARTESIAN_POINT('',(0.1625,0.49,-0.0825));
#4022=CARTESIAN_POINT('',(0.0625,0.49,-0.0825));
#4023=CARTESIAN_POINT('',(0.0625,0.16856602,-0.0825));
#4024=CARTESIAN_POINT('',(0.0625,0.235,-0.0825));
#4025=CARTESIAN_POINT('',(0.1625,0.235,-0.0825));
#4026=CARTESIAN_POINT('',(0.1375,0.235,-0.0825));
#4027=CARTESIAN_POINT('',(0.1375,0.16856602,-0.0825));
#4028=CARTESIAN_POINT('',(0.1375,0.49,-0.0825));
#4029=CARTESIAN_POINT('',(0.1625,0.49,-0.0825));
#4030=CARTESIAN_POINT('',(0.1625,0.49,-0.0825));
#4031=CARTESIAN_POINT('',(0.1625,0.16856602,-0.0825));
#4032=CARTESIAN_POINT('',(0.1625,0.49,-0.0575));
#4033=CARTESIAN_POINT('',(0.1625,0.229999999999998,-0.0575));
#4034=CARTESIAN_POINT('',(0.1625,0.229999999999998,-0.0575));
#4035=CARTESIAN_POINT('',(-0.1625,0.229999999999998,-0.0575));
#4036=CARTESIAN_POINT('',(0.1625,0.49,-0.0575));
#4037=CARTESIAN_POINT('',(0.1625,0.49,-0.0575));
#4038=CARTESIAN_POINT('',(0.1625,0.49,-0.0575));
#4039=CARTESIAN_POINT('',(0.1375,0.49,-0.0575));
#4040=CARTESIAN_POINT('',(0.1375,0.49,-0.0575));
#4041=CARTESIAN_POINT('',(0.1375,0.235,-0.0575));
#4042=CARTESIAN_POINT('',(0.1625,0.235,-0.0575));
#4043=CARTESIAN_POINT('',(0.0625,0.235,-0.0575));
#4044=CARTESIAN_POINT('',(0.0625,0.49,-0.0575));
#4045=CARTESIAN_POINT('',(0.0625,0.49,-0.0575));
#4046=CARTESIAN_POINT('',(0.1625,0.49,-0.0575));
#4047=CARTESIAN_POINT('',(0.0375,0.49,-0.0575));
#4048=CARTESIAN_POINT('',(0.0375,0.49,-0.0575));
#4049=CARTESIAN_POINT('',(0.0375,0.235,-0.0575));
#4050=CARTESIAN_POINT('',(0.1625,0.235,-0.0575));
#4051=CARTESIAN_POINT('',(-0.0375,0.235,-0.0575));
#4052=CARTESIAN_POINT('',(-0.0375,0.49,-0.0575));
#4053=CARTESIAN_POINT('',(-0.0375,0.49,-0.0575));
#4054=CARTESIAN_POINT('',(0.1625,0.49,-0.0575));
#4055=CARTESIAN_POINT('',(-0.0625,0.49,-0.0575));
#4056=CARTESIAN_POINT('',(-0.0625,0.49,-0.0575));
#4057=CARTESIAN_POINT('',(-0.0625,0.235,-0.0575));
#4058=CARTESIAN_POINT('',(0.1625,0.235,-0.0575));
#4059=CARTESIAN_POINT('',(-0.1375,0.235,-0.0575));
#4060=CARTESIAN_POINT('',(-0.1375,0.49,-0.0575));
#4061=CARTESIAN_POINT('',(-0.1375,0.49,-0.0575));
#4062=CARTESIAN_POINT('',(0.1625,0.49,-0.0575));
#4063=CARTESIAN_POINT('',(-0.1625,0.49,-0.0575));
#4064=CARTESIAN_POINT('',(-0.1625,0.49,-0.0575));
#4065=CARTESIAN_POINT('',(0.1625,0.08,-0.05));
#4066=CARTESIAN_POINT('',(0.1625,0.229999999999998,-0.05));
#4067=CARTESIAN_POINT('',(0.1625,0.49,-0.0825));
#4068=CARTESIAN_POINT('',(-0.1625,0.08,-0.05));
#4069=CARTESIAN_POINT('',(-0.1625,0.229999999999998,-0.05));
#4070=CARTESIAN_POINT('',(-0.1625,0.49,-0.0825));
#4071=CARTESIAN_POINT('',(-0.1375,0.645,-0.23));
#4072=CARTESIAN_POINT('',(-0.1375,0.49,-0.0825));
#4073=CARTESIAN_POINT('',(-0.1375,0.235,-0.23));
#4074=CARTESIAN_POINT('',(-0.1375,0.235,-0.23));
#4075=CARTESIAN_POINT('',(-0.0625,0.235,-0.23));
#4076=CARTESIAN_POINT('',(-0.0625,0.235,-0.23));
#4077=CARTESIAN_POINT('',(-0.0625,0.49,-0.0825));
#4078=CARTESIAN_POINT('',(0.0625,0.645,-0.23));
#4079=CARTESIAN_POINT('',(0.0625,0.49,-0.0825));
#4080=CARTESIAN_POINT('',(0.0625,0.235,-0.23));
#4081=CARTESIAN_POINT('',(0.0625,0.235,-0.23));
#4082=CARTESIAN_POINT('',(0.1375,0.235,-0.23));
#4083=CARTESIAN_POINT('',(0.1375,0.235,-0.23));
#4084=CARTESIAN_POINT('',(0.1375,0.49,-0.0825));
#4085=CARTESIAN_POINT('',(-0.0375,0.645,-0.23));
#4086=CARTESIAN_POINT('',(-0.0375,0.49,-0.0825));
#4087=CARTESIAN_POINT('',(-0.0375,0.235,-0.23));
#4088=CARTESIAN_POINT('',(-0.0375,0.235,-0.23));
#4089=CARTESIAN_POINT('',(0.0375,0.235,-0.23));
#4090=CARTESIAN_POINT('',(0.0375,0.235,-0.23));
#4091=CARTESIAN_POINT('',(0.0375,0.49,-0.0825));
#4092=CARTESIAN_POINT('',(-0.1625,0.49,-0.0825));
#4093=CARTESIAN_POINT('',(-0.1625,0.49,-0.0575));
#4094=CARTESIAN_POINT('',(-0.155220595314676,0.51,-0.064779404685324));
#4095=CARTESIAN_POINT('',(-0.155220595314676,0.51,-0.0825));
#4096=CARTESIAN_POINT('',(-0.155220595314676,0.51,-0.075220595314676));
#4097=CARTESIAN_POINT('',(-0.1625,0.49,-0.0825));
#4098=CARTESIAN_POINT('',(-0.1625,0.49,-0.0575));
#4099=CARTESIAN_POINT('',(-0.1375,0.49,-0.0575));
#4100=CARTESIAN_POINT('',(-0.144779404685324,0.51,-0.064779404685324));
#4101=CARTESIAN_POINT('',(-0.1625,0.51,-0.064779404685324));
#4102=CARTESIAN_POINT('',(-0.1375,0.49,-0.0575));
#4103=CARTESIAN_POINT('',(-0.1375,0.49,-0.0825));
#4104=CARTESIAN_POINT('',(-0.144779404685324,0.51,-0.075220595314676));
#4105=CARTESIAN_POINT('',(-0.144779404685324,0.51,-0.0575));
#4106=CARTESIAN_POINT('',(-0.1375,0.49,-0.0825));
#4107=CARTESIAN_POINT('',(-0.1375,0.51,-0.075220595314676));
#4108=CARTESIAN_POINT('',(0.,0.51,0.));
#4109=CARTESIAN_POINT('',(0.0375,0.49,-0.0825));
#4110=CARTESIAN_POINT('',(0.0375,0.49,-0.0575));
#4111=CARTESIAN_POINT('',(0.0447794046853241,0.51,-0.064779404685324));
#4112=CARTESIAN_POINT('',(0.0447794046853241,0.51,-0.0825));
#4113=CARTESIAN_POINT('',(0.0447794046853241,0.51,-0.075220595314676));
#4114=CARTESIAN_POINT('',(0.0375,0.49,-0.0825));
#4115=CARTESIAN_POINT('',(0.0375,0.49,-0.0575));
#4116=CARTESIAN_POINT('',(0.0625,0.49,-0.0575));
#4117=CARTESIAN_POINT('',(0.055220595314676,0.51,-0.064779404685324));
#4118=CARTESIAN_POINT('',(0.0375,0.51,-0.064779404685324));
#4119=CARTESIAN_POINT('',(0.0625,0.49,-0.0575));
#4120=CARTESIAN_POINT('',(0.0625,0.49,-0.0825));
#4121=CARTESIAN_POINT('',(0.055220595314676,0.51,-0.075220595314676));
#4122=CARTESIAN_POINT('',(0.055220595314676,0.51,-0.0575));
#4123=CARTESIAN_POINT('',(0.0625,0.49,-0.0825));
#4124=CARTESIAN_POINT('',(0.0625,0.51,-0.075220595314676));
#4125=CARTESIAN_POINT('',(0.2,0.51,0.));
#4126=CARTESIAN_POINT('',(-0.0625,0.49,-0.0825));
#4127=CARTESIAN_POINT('',(-0.0625,0.49,-0.0575));
#4128=CARTESIAN_POINT('',(-0.0552205953146759,0.51,-0.064779404685324));
#4129=CARTESIAN_POINT('',(-0.0552205953146759,0.51,-0.0825));
#4130=CARTESIAN_POINT('',(-0.0552205953146759,0.51,-0.075220595314676));
#4131=CARTESIAN_POINT('',(-0.0625,0.49,-0.0825));
#4132=CARTESIAN_POINT('',(-0.0625,0.49,-0.0575));
#4133=CARTESIAN_POINT('',(-0.0375,0.49,-0.0575));
#4134=CARTESIAN_POINT('',(-0.044779404685324,0.51,-0.064779404685324));
#4135=CARTESIAN_POINT('',(-0.0625,0.51,-0.064779404685324));
#4136=CARTESIAN_POINT('',(-0.0375,0.49,-0.0575));
#4137=CARTESIAN_POINT('',(-0.0375,0.49,-0.0825));
#4138=CARTESIAN_POINT('',(-0.044779404685324,0.51,-0.075220595314676));
#4139=CARTESIAN_POINT('',(-0.044779404685324,0.51,-0.0575));
#4140=CARTESIAN_POINT('',(-0.0375,0.49,-0.0825));
#4141=CARTESIAN_POINT('',(-0.0375,0.51,-0.075220595314676));
#4142=CARTESIAN_POINT('',(0.1,0.51,0.));
#4143=CARTESIAN_POINT('',(0.1375,0.49,-0.0825));
#4144=CARTESIAN_POINT('',(0.1375,0.49,-0.0575));
#4145=CARTESIAN_POINT('',(0.144779404685324,0.51,-0.064779404685324));
#4146=CARTESIAN_POINT('',(0.144779404685324,0.51,-0.0825));
#4147=CARTESIAN_POINT('',(0.144779404685324,0.51,-0.075220595314676));
#4148=CARTESIAN_POINT('',(0.1375,0.49,-0.0825));
#4149=CARTESIAN_POINT('',(0.1375,0.49,-0.0575));
#4150=CARTESIAN_POINT('',(0.1625,0.49,-0.0575));
#4151=CARTESIAN_POINT('',(0.155220595314676,0.51,-0.064779404685324));
#4152=CARTESIAN_POINT('',(0.1375,0.51,-0.064779404685324));
#4153=CARTESIAN_POINT('',(0.1625,0.49,-0.0575));
#4154=CARTESIAN_POINT('',(0.1625,0.49,-0.0825));
#4155=CARTESIAN_POINT('',(0.155220595314676,0.51,-0.075220595314676));
#4156=CARTESIAN_POINT('',(0.155220595314676,0.51,-0.0575));
#4157=CARTESIAN_POINT('',(0.1625,0.49,-0.0825));
#4158=CARTESIAN_POINT('',(0.1625,0.51,-0.075220595314676));
#4159=CARTESIAN_POINT('',(0.3,0.51,0.));
#4160=CARTESIAN_POINT('',(50.,0.229999999999997,-20.));
#4161=CARTESIAN_POINT('',(0.,-1.38777878078145E-17,-0.23));
#4162=CARTESIAN_POINT('',(0.1625,0.16856602,-0.0825));
#4163=CARTESIAN_POINT('',(0.1625,0.229999999999998,-0.0825));
#4164=CARTESIAN_POINT('',(0.1625,0.229999999999998,-0.0825));
#4165=CARTESIAN_POINT('',(-0.1625,0.229999999999998,-0.0825));
#4166=CARTESIAN_POINT('',(0.1625,0.16856602,-0.0825));
#4167=CARTESIAN_POINT('',(0.1625,0.16856602,-0.0825));
#4168=CARTESIAN_POINT('',(0.1625,0.16856602,-0.0825));
#4169=CARTESIAN_POINT('',(0.1375,0.16856602,-0.0825));
#4170=CARTESIAN_POINT('',(0.1375,0.16856602,-0.0825));
#4171=CARTESIAN_POINT('',(0.1375,0.225,-0.0825));
#4172=CARTESIAN_POINT('',(0.1625,0.225,-0.0825));
#4173=CARTESIAN_POINT('',(0.0625,0.225,-0.0825));
#4174=CARTESIAN_POINT('',(0.0625,0.16856602,-0.0825));
#4175=CARTESIAN_POINT('',(0.0625,0.16856602,-0.0825));
#4176=CARTESIAN_POINT('',(0.1625,0.16856602,-0.0825));
#4177=CARTESIAN_POINT('',(0.0375,0.16856602,-0.0825));
#4178=CARTESIAN_POINT('',(0.0375,0.16856602,-0.0825));
#4179=CARTESIAN_POINT('',(0.0375,0.225,-0.0825));
#4180=CARTESIAN_POINT('',(0.1625,0.225,-0.0825));
#4181=CARTESIAN_POINT('',(-0.0375,0.225,-0.0825));
#4182=CARTESIAN_POINT('',(-0.0375,0.16856602,-0.0825));
#4183=CARTESIAN_POINT('',(-0.0375,0.16856602,-0.0825));
#4184=CARTESIAN_POINT('',(0.1625,0.16856602,-0.0825));
#4185=CARTESIAN_POINT('',(-0.0625,0.16856602,-0.0825));
#4186=CARTESIAN_POINT('',(-0.0625,0.16856602,-0.0825));
#4187=CARTESIAN_POINT('',(-0.0625,0.225,-0.0825));
#4188=CARTESIAN_POINT('',(0.1625,0.225,-0.0825));
#4189=CARTESIAN_POINT('',(-0.1375,0.225,-0.0825));
#4190=CARTESIAN_POINT('',(-0.1375,0.16856602,-0.0825));
#4191=CARTESIAN_POINT('',(-0.1375,0.16856602,-0.0825));
#4192=CARTESIAN_POINT('',(0.1625,0.16856602,-0.0825));
#4193=CARTESIAN_POINT('',(-0.1625,0.16856602,-0.0825));
#4194=CARTESIAN_POINT('',(-0.1625,0.16856602,-0.0825));
#4195=CARTESIAN_POINT('',(0.1625,0.49,-0.0575));
#4196=CARTESIAN_POINT('',(0.1625,0.229999999999998,-0.0575));
#4197=CARTESIAN_POINT('',(-0.1625,0.229999999999998,-0.0575));
#4198=CARTESIAN_POINT('',(0.1625,0.229999999999998,-0.0575));
#4199=CARTESIAN_POINT('',(-0.1625,0.49,-0.0575));
#4200=CARTESIAN_POINT('',(-0.1625,0.16856602,-0.0575));
#4201=CARTESIAN_POINT('',(0.1625,0.16856602,-0.0575));
#4202=CARTESIAN_POINT('',(-0.1375,0.16856602,-0.0575));
#4203=CARTESIAN_POINT('',(-0.1375,0.49,-0.0575));
#4204=CARTESIAN_POINT('',(-0.1375,0.225,-0.0575));
#4205=CARTESIAN_POINT('',(0.1625,0.225,-0.0575));
#4206=CARTESIAN_POINT('',(-0.0625,0.225,-0.0575));
#4207=CARTESIAN_POINT('',(-0.0625,0.49,-0.0575));
#4208=CARTESIAN_POINT('',(-0.0625,0.16856602,-0.0575));
#4209=CARTESIAN_POINT('',(0.1625,0.16856602,-0.0575));
#4210=CARTESIAN_POINT('',(-0.0375,0.16856602,-0.0575));
#4211=CARTESIAN_POINT('',(-0.0375,0.49,-0.0575));
#4212=CARTESIAN_POINT('',(-0.0375,0.225,-0.0575));
#4213=CARTESIAN_POINT('',(0.1625,0.225,-0.0575));
#4214=CARTESIAN_POINT('',(0.0375,0.225,-0.0575));
#4215=CARTESIAN_POINT('',(0.0375,0.49,-0.0575));
#4216=CARTESIAN_POINT('',(0.0375,0.16856602,-0.0575));
#4217=CARTESIAN_POINT('',(0.1625,0.16856602,-0.0575));
#4218=CARTESIAN_POINT('',(0.0625,0.16856602,-0.0575));
#4219=CARTESIAN_POINT('',(0.0625,0.49,-0.0575));
#4220=CARTESIAN_POINT('',(0.0625,0.225,-0.0575));
#4221=CARTESIAN_POINT('',(0.1625,0.225,-0.0575));
#4222=CARTESIAN_POINT('',(0.1375,0.225,-0.0575));
#4223=CARTESIAN_POINT('',(0.1375,0.49,-0.0575));
#4224=CARTESIAN_POINT('',(0.1375,0.16856602,-0.0575));
#4225=CARTESIAN_POINT('',(0.1625,0.16856602,-0.0575));
#4226=CARTESIAN_POINT('',(0.1625,0.16856602,-0.0575));
#4227=CARTESIAN_POINT('',(0.1625,0.49,-0.0575));
#4228=CARTESIAN_POINT('',(0.1625,0.08,-0.05));
#4229=CARTESIAN_POINT('',(0.1625,0.229999999999998,-0.05));
#4230=CARTESIAN_POINT('',(0.1625,0.16856602,-0.0325));
#4231=CARTESIAN_POINT('',(0.1625,0.150888351172313,-0.0501776702316404));
#4232=CARTESIAN_POINT('',(0.1625,0.150888351172313,-0.0501776702316405));
#4233=CARTESIAN_POINT('',(0.1625,0.115355337655374,-0.014644659536719));
#4234=CARTESIAN_POINT('',(0.1625,0.08,-0.0500000000000001));
#4235=CARTESIAN_POINT('',(0.1625,0.08,-8.53702498020082E-18));
#4236=CARTESIAN_POINT('',(0.1625,0.08,0.));
#4237=CARTESIAN_POINT('',(0.1625,0.02,0.));
#4238=CARTESIAN_POINT('',(0.1625,0.02,0.));
#4239=CARTESIAN_POINT('',(0.1625,0.02,-0.025));
#4240=CARTESIAN_POINT('',(0.1625,0.02,-0.025));
#4241=CARTESIAN_POINT('',(0.1625,0.08,-0.025));
#4242=CARTESIAN_POINT('',(0.1625,0.08,-0.05));
#4243=CARTESIAN_POINT('',(0.1625,0.0976776688276869,-0.0323223297683595));
#4244=CARTESIAN_POINT('',(0.1625,0.0976776688276869,-0.0323223297683595));
#4245=CARTESIAN_POINT('',(0.1625,0.133210682344626,-0.067855340463281));
#4246=CARTESIAN_POINT('',(0.1625,0.16856602,-0.0324999999999999));
#4247=CARTESIAN_POINT('',(-0.1625,0.08,-0.05));
#4248=CARTESIAN_POINT('',(-0.1625,0.229999999999998,-0.05));
#4249=CARTESIAN_POINT('',(-0.1625,0.16856602,-0.0324999999999999));
#4250=CARTESIAN_POINT('',(-0.1625,0.133210682344626,-0.067855340463281));
#4251=CARTESIAN_POINT('',(-0.1625,0.0976776688276869,-0.0323223297683595));
#4252=CARTESIAN_POINT('',(-0.1625,0.0976776688276869,-0.0323223297683595));
#4253=CARTESIAN_POINT('',(-0.1625,0.08,-0.05));
#4254=CARTESIAN_POINT('',(-0.1625,0.08,-0.025));
#4255=CARTESIAN_POINT('',(-0.1625,0.02,-0.025));
#4256=CARTESIAN_POINT('',(-0.1625,0.02,-0.025));
#4257=CARTESIAN_POINT('',(-0.1625,0.02,0.));
#4258=CARTESIAN_POINT('',(-0.1625,0.02,0.));
#4259=CARTESIAN_POINT('',(-0.1625,0.08,0.));
#4260=CARTESIAN_POINT('',(-0.1625,0.08,-8.53702498020082E-18));
#4261=CARTESIAN_POINT('',(-0.1625,0.08,-0.0500000000000001));
#4262=CARTESIAN_POINT('',(-0.1625,0.115355337655374,-0.014644659536719));
#4263=CARTESIAN_POINT('',(-0.1625,0.150888351172313,-0.0501776702316405));
#4264=CARTESIAN_POINT('',(-0.1625,0.150888351172313,-0.0501776702316404));
#4265=CARTESIAN_POINT('',(-0.1625,0.16856602,-0.0325));
#4266=CARTESIAN_POINT('',(0.1625,0.08,0.));
#4267=CARTESIAN_POINT('',(0.1625,0.02,0.));
#4268=CARTESIAN_POINT('',(-0.0375,0.02,0.));
#4269=CARTESIAN_POINT('',(-0.0625,0.02,0.));
#4270=CARTESIAN_POINT('',(-0.0375,0.225,0.));
#4271=CARTESIAN_POINT('',(-0.0375,0.08,0.));
#4272=CARTESIAN_POINT('',(0.1625,0.08,-8.53702498020082E-18));
#4273=CARTESIAN_POINT('',(-0.0625,0.08,-8.53702498020082E-18));
#4274=CARTESIAN_POINT('',(-0.0625,-0.185,0.));
#4275=CARTESIAN_POINT('',(0.1625,0.08,0.));
#4276=CARTESIAN_POINT('',(0.1625,0.08,-8.53702498020082E-18));
#4277=CARTESIAN_POINT('',(0.0625,0.08,0.));
#4278=CARTESIAN_POINT('',(0.0375,0.08,-8.53702498020082E-18));
#4279=CARTESIAN_POINT('',(0.0375,-0.185,0.));
#4280=CARTESIAN_POINT('',(0.0375,0.02,0.));
#4281=CARTESIAN_POINT('',(0.1625,0.02,0.));
#4282=CARTESIAN_POINT('',(0.0625,0.02,0.));
#4283=CARTESIAN_POINT('',(0.0625,0.225,0.));
#4284=CARTESIAN_POINT('',(0.1625,0.02,-0.025));
#4285=CARTESIAN_POINT('',(0.1625,0.08,-0.025));
#4286=CARTESIAN_POINT('',(-0.0375,0.08,-0.025));
#4287=CARTESIAN_POINT('',(-0.0625,0.08,-0.025));
#4288=CARTESIAN_POINT('',(-0.0375,0.02,-0.025));
#4289=CARTESIAN_POINT('',(-0.0375,0.02,-0.025));
#4290=CARTESIAN_POINT('',(0.1625,0.02,-0.025));
#4291=CARTESIAN_POINT('',(-0.0625,0.02,-0.025));
#4292=CARTESIAN_POINT('',(-0.0625,0.02,-0.025));
#4293=CARTESIAN_POINT('',(0.1625,0.02,-0.025));
#4294=CARTESIAN_POINT('',(0.1625,0.02,-0.025));
#4295=CARTESIAN_POINT('',(0.0625,0.02,-0.025));
#4296=CARTESIAN_POINT('',(0.0375,0.02,-0.025));
#4297=CARTESIAN_POINT('',(0.0375,0.02,-0.025));
#4298=CARTESIAN_POINT('',(0.0375,0.08,-0.025));
#4299=CARTESIAN_POINT('',(0.1625,0.08,-0.025));
#4300=CARTESIAN_POINT('',(0.0625,0.08,-0.025));
#4301=CARTESIAN_POINT('',(0.0625,0.02,-0.025));
#4302=CARTESIAN_POINT('',(0.1625,0.08,-0.05));
#4303=CARTESIAN_POINT('',(-0.0375,0.08,-0.05));
#4304=CARTESIAN_POINT('',(-0.0375,0.0976776688276869,-0.0323223297683595));
#4305=CARTESIAN_POINT('',(-0.0625,0.08,-0.05));
#4306=CARTESIAN_POINT('',(-0.0625,0.0976776688276869,-0.0323223297683595));
#4307=CARTESIAN_POINT('',(0.1625,0.0976776688276869,-0.0323223297683595));
#4308=CARTESIAN_POINT('',(0.1625,0.08,-0.05));
#4309=CARTESIAN_POINT('',(0.0375,0.08,-0.05));
#4310=CARTESIAN_POINT('',(0.0375,0.0976776688276869,-0.0323223297683595));
#4311=CARTESIAN_POINT('',(0.1625,0.0976776688276869,-0.0323223297683595));
#4312=CARTESIAN_POINT('',(0.0625,0.0976776688276869,-0.0323223297683595));
#4313=CARTESIAN_POINT('',(0.0625,0.08,-0.05));
#4314=CARTESIAN_POINT('',(0.1625,0.0976776688276869,-0.0323223297683595));
#4315=CARTESIAN_POINT('',(0.1625,0.133210682344626,-0.067855340463281));
#4316=CARTESIAN_POINT('',(-0.0375,0.133210682344626,-0.067855340463281));
#4317=CARTESIAN_POINT('',(-0.0625,0.133210682344626,-0.067855340463281));
#4318=CARTESIAN_POINT('',(-0.0375,0.0976776688276869,-0.0323223297683595));
#4319=CARTESIAN_POINT('',(-0.0625,0.0976776688276869,-0.0323223297683595));
#4320=CARTESIAN_POINT('',(0.1625,0.0976776688276869,-0.0323223297683595));
#4321=CARTESIAN_POINT('',(0.0375,0.0976776688276869,-0.0323223297683595));
#4322=CARTESIAN_POINT('',(0.0375,0.133210682344626,-0.067855340463281));
#4323=CARTESIAN_POINT('',(0.1625,0.133210682344626,-0.067855340463281));
#4324=CARTESIAN_POINT('',(0.0625,0.133210682344626,-0.067855340463281));
#4325=CARTESIAN_POINT('',(0.0625,0.0976776688276869,-0.0323223297683595));
#4326=CARTESIAN_POINT('',(0.1625,0.16856602,-0.0324999999999999));
#4327=CARTESIAN_POINT('',(-0.0375,0.16856602,-0.0324999999999999));
#4328=CARTESIAN_POINT('',(-0.0625,0.16856602,-0.0324999999999999));
#4329=CARTESIAN_POINT('',(0.1625,0.16856602,-0.0324999999999999));
#4330=CARTESIAN_POINT('',(0.0375,0.16856602,-0.0324999999999999));
#4331=CARTESIAN_POINT('',(0.0625,0.16856602,-0.0324999999999999));
#4332=CARTESIAN_POINT('',(0.1625,0.16856602,-0.0325));
#4333=CARTESIAN_POINT('',(-0.0375,0.16856602,-0.0325));
#4334=CARTESIAN_POINT('',(-0.0375,0.150888351172313,-0.0501776702316405));
#4335=CARTESIAN_POINT('',(-0.0625,0.16856602,-0.0325));
#4336=CARTESIAN_POINT('',(-0.0625,0.150888351172313,-0.0501776702316405));
#4337=CARTESIAN_POINT('',(0.1625,0.150888351172313,-0.0501776702316404));
#4338=CARTESIAN_POINT('',(0.1625,0.16856602,-0.0325));
#4339=CARTESIAN_POINT('',(0.0375,0.16856602,-0.0325));
#4340=CARTESIAN_POINT('',(0.0375,0.150888351172313,-0.0501776702316405));
#4341=CARTESIAN_POINT('',(0.1625,0.150888351172313,-0.0501776702316404));
#4342=CARTESIAN_POINT('',(0.0625,0.150888351172313,-0.0501776702316405));
#4343=CARTESIAN_POINT('',(0.0625,0.16856602,-0.0325));
#4344=CARTESIAN_POINT('',(0.1625,0.150888351172313,-0.0501776702316405));
#4345=CARTESIAN_POINT('',(0.1625,0.115355337655374,-0.014644659536719));
#4346=CARTESIAN_POINT('',(-0.0375,0.115355337655374,-0.014644659536719));
#4347=CARTESIAN_POINT('',(-0.0625,0.115355337655374,-0.014644659536719));
#4348=CARTESIAN_POINT('',(-0.0375,0.150888351172313,-0.0501776702316405));
#4349=CARTESIAN_POINT('',(-0.0625,0.150888351172313,-0.0501776702316405));
#4350=CARTESIAN_POINT('',(0.1625,0.150888351172313,-0.0501776702316405));
#4351=CARTESIAN_POINT('',(0.0375,0.150888351172313,-0.0501776702316405));
#4352=CARTESIAN_POINT('',(0.0375,0.115355337655374,-0.014644659536719));
#4353=CARTESIAN_POINT('',(0.1625,0.115355337655374,-0.014644659536719));
#4354=CARTESIAN_POINT('',(0.0625,0.115355337655374,-0.014644659536719));
#4355=CARTESIAN_POINT('',(0.0625,0.150888351172313,-0.0501776702316405));
#4356=CARTESIAN_POINT('',(0.1625,0.08,-0.0500000000000001));
#4357=CARTESIAN_POINT('',(-0.0375,0.08,-0.0500000000000001));
#4358=CARTESIAN_POINT('',(-0.0625,0.08,-0.0500000000000001));
#4359=CARTESIAN_POINT('',(0.1625,0.08,-0.0500000000000001));
#4360=CARTESIAN_POINT('',(0.0375,0.08,-0.0500000000000001));
#4361=CARTESIAN_POINT('',(0.0625,0.08,-0.0500000000000001));
#4362=CARTESIAN_POINT('',(0.1625,0.08,0.));
#4363=CARTESIAN_POINT('',(0.1625,0.02,0.));
#4364=CARTESIAN_POINT('',(-0.1375,0.02,0.));
#4365=CARTESIAN_POINT('',(-0.1375,0.225,0.));
#4366=CARTESIAN_POINT('',(-0.1375,0.08,0.));
#4367=CARTESIAN_POINT('',(0.1625,0.08,-8.53702498020082E-18));
#4368=CARTESIAN_POINT('',(0.1625,0.02,-0.025));
#4369=CARTESIAN_POINT('',(0.1625,0.08,-0.025));
#4370=CARTESIAN_POINT('',(-0.1375,0.08,-0.025));
#4371=CARTESIAN_POINT('',(-0.1375,0.02,-0.025));
#4372=CARTESIAN_POINT('',(-0.1375,0.02,-0.025));
#4373=CARTESIAN_POINT('',(0.1625,0.02,-0.025));
#4374=CARTESIAN_POINT('',(0.1625,0.08,-0.05));
#4375=CARTESIAN_POINT('',(-0.1375,0.08,-0.05));
#4376=CARTESIAN_POINT('',(-0.1375,0.0976776688276869,-0.0323223297683595));
#4377=CARTESIAN_POINT('',(0.1625,0.0976776688276869,-0.0323223297683595));
#4378=CARTESIAN_POINT('',(0.1625,0.0976776688276869,-0.0323223297683595));
#4379=CARTESIAN_POINT('',(0.1625,0.133210682344626,-0.067855340463281));
#4380=CARTESIAN_POINT('',(-0.1375,0.133210682344626,-0.067855340463281));
#4381=CARTESIAN_POINT('',(-0.1375,0.0976776688276869,-0.0323223297683595));
#4382=CARTESIAN_POINT('',(0.1625,0.16856602,-0.0324999999999999));
#4383=CARTESIAN_POINT('',(-0.1375,0.16856602,-0.0324999999999999));
#4384=CARTESIAN_POINT('',(0.1625,0.16856602,-0.0325));
#4385=CARTESIAN_POINT('',(-0.1375,0.16856602,-0.0325));
#4386=CARTESIAN_POINT('',(-0.1375,0.150888351172313,-0.0501776702316405));
#4387=CARTESIAN_POINT('',(0.1625,0.150888351172313,-0.0501776702316404));
#4388=CARTESIAN_POINT('',(0.1625,0.150888351172313,-0.0501776702316405));
#4389=CARTESIAN_POINT('',(0.1625,0.115355337655374,-0.014644659536719));
#4390=CARTESIAN_POINT('',(-0.1375,0.115355337655374,-0.014644659536719));
#4391=CARTESIAN_POINT('',(-0.1375,0.150888351172313,-0.0501776702316405));
#4392=CARTESIAN_POINT('',(0.1625,0.08,-0.0500000000000001));
#4393=CARTESIAN_POINT('',(-0.1375,0.08,-0.0500000000000001));
#4394=CARTESIAN_POINT('',(0.1625,0.08,0.));
#4395=CARTESIAN_POINT('',(0.1625,0.08,-8.53702498020082E-18));
#4396=CARTESIAN_POINT('',(0.1375,0.08,-8.53702498020082E-18));
#4397=CARTESIAN_POINT('',(0.1375,-0.185,0.));
#4398=CARTESIAN_POINT('',(0.1375,0.02,0.));
#4399=CARTESIAN_POINT('',(0.1625,0.02,0.));
#4400=CARTESIAN_POINT('',(0.1625,0.02,-0.025));
#4401=CARTESIAN_POINT('',(0.1625,0.02,-0.025));
#4402=CARTESIAN_POINT('',(0.1375,0.02,-0.025));
#4403=CARTESIAN_POINT('',(0.1375,0.02,-0.025));
#4404=CARTESIAN_POINT('',(0.1375,0.08,-0.025));
#4405=CARTESIAN_POINT('',(0.1625,0.08,-0.025));
#4406=CARTESIAN_POINT('',(0.1625,0.08,-0.05));
#4407=CARTESIAN_POINT('',(0.1375,0.08,-0.05));
#4408=CARTESIAN_POINT('',(0.1375,0.0976776688276869,-0.0323223297683595));
#4409=CARTESIAN_POINT('',(0.1625,0.0976776688276869,-0.0323223297683595));
#4410=CARTESIAN_POINT('',(0.1625,0.0976776688276869,-0.0323223297683595));
#4411=CARTESIAN_POINT('',(0.1375,0.0976776688276869,-0.0323223297683595));
#4412=CARTESIAN_POINT('',(0.1375,0.133210682344626,-0.067855340463281));
#4413=CARTESIAN_POINT('',(0.1625,0.133210682344626,-0.067855340463281));
#4414=CARTESIAN_POINT('',(0.1625,0.16856602,-0.0324999999999999));
#4415=CARTESIAN_POINT('',(0.1375,0.16856602,-0.0324999999999999));
#4416=CARTESIAN_POINT('',(0.1625,0.16856602,-0.0325));
#4417=CARTESIAN_POINT('',(0.1375,0.16856602,-0.0325));
#4418=CARTESIAN_POINT('',(0.1375,0.150888351172313,-0.0501776702316405));
#4419=CARTESIAN_POINT('',(0.1625,0.150888351172313,-0.0501776702316404));
#4420=CARTESIAN_POINT('',(0.1625,0.150888351172313,-0.0501776702316405));
#4421=CARTESIAN_POINT('',(0.1375,0.150888351172313,-0.0501776702316405));
#4422=CARTESIAN_POINT('',(0.1375,0.115355337655374,-0.014644659536719));
#4423=CARTESIAN_POINT('',(0.1625,0.115355337655374,-0.014644659536719));
#4424=CARTESIAN_POINT('',(0.1625,0.08,-0.0500000000000001));
#4425=CARTESIAN_POINT('',(0.1375,0.08,-0.0500000000000001));
#4426=CARTESIAN_POINT('',(-0.0625,0.225,-0.23));
#4427=CARTESIAN_POINT('',(-0.0625,0.225,-0.23));
#4428=CARTESIAN_POINT('',(-0.1375,0.225,-0.23));
#4429=CARTESIAN_POINT('',(-0.1375,0.225,-0.23));
#4430=CARTESIAN_POINT('',(-0.1375,0.02,0.));
#4431=CARTESIAN_POINT('',(-0.0625,-0.185,-0.23));
#4432=CARTESIAN_POINT('',(-0.0625,0.02,0.));
#4433=CARTESIAN_POINT('',(0.1375,0.225,-0.23));
#4434=CARTESIAN_POINT('',(0.1375,0.225,-0.23));
#4435=CARTESIAN_POINT('',(0.0625,0.225,-0.23));
#4436=CARTESIAN_POINT('',(0.0625,0.225,-0.23));
#4437=CARTESIAN_POINT('',(0.0625,0.02,0.));
#4438=CARTESIAN_POINT('',(0.1375,-0.185,-0.23));
#4439=CARTESIAN_POINT('',(0.1375,0.02,0.));
#4440=CARTESIAN_POINT('',(0.0375,0.225,-0.23));
#4441=CARTESIAN_POINT('',(0.0375,0.225,-0.23));
#4442=CARTESIAN_POINT('',(-0.0375,0.225,-0.23));
#4443=CARTESIAN_POINT('',(-0.0375,0.225,-0.23));
#4444=CARTESIAN_POINT('',(-0.0375,0.02,0.));
#4445=CARTESIAN_POINT('',(0.0375,-0.185,-0.23));
#4446=CARTESIAN_POINT('',(0.0375,0.02,0.));
#4447=CARTESIAN_POINT('',(-0.1625,0.02,-0.025));
#4448=CARTESIAN_POINT('',(-0.159881823956162,0.012806620439397,-0.0223818239561616));
#4449=CARTESIAN_POINT('',(-0.155220595314676,0.,-0.017720595314676));
#4450=CARTESIAN_POINT('',(-0.155220595314676,0.,0.));
#4451=CARTESIAN_POINT('',(-0.155220595314676,0.,-0.00727940468532405));
#4452=CARTESIAN_POINT('',(-0.159881823956162,0.012806620439397,-0.00261817604383839));
#4453=CARTESIAN_POINT('',(-0.1625,0.02,0.));
#4454=CARTESIAN_POINT('',(0.,0.,-0.00727940468532405));
#4455=CARTESIAN_POINT('',(-0.144779404685324,0.,-0.00727940468532405));
#4456=CARTESIAN_POINT('',(-0.140118176043838,0.012806620439397,-0.00261817604383839));
#4457=CARTESIAN_POINT('',(-0.1375,0.02,0.));
#4458=CARTESIAN_POINT('',(-0.144779404685324,0.,0.));
#4459=CARTESIAN_POINT('',(-0.144779404685324,0.,-0.017720595314676));
#4460=CARTESIAN_POINT('',(-0.140118176043838,0.012806620439397,-0.0223818239561616));
#4461=CARTESIAN_POINT('',(-0.1375,0.02,-0.025));
#4462=CARTESIAN_POINT('',(0.,0.,-0.017720595314676));
#4463=CARTESIAN_POINT('',(0.,0.,0.));
#4464=CARTESIAN_POINT('',(0.1375,0.02,-0.025));
#4465=CARTESIAN_POINT('',(0.140118176043838,0.012806620439397,-0.0223818239561616));
#4466=CARTESIAN_POINT('',(0.144779404685324,0.,-0.017720595314676));
#4467=CARTESIAN_POINT('',(0.144779404685324,0.,0.));
#4468=CARTESIAN_POINT('',(0.144779404685324,0.,-0.00727940468532405));
#4469=CARTESIAN_POINT('',(0.140118176043838,0.012806620439397,-0.00261817604383839));
#4470=CARTESIAN_POINT('',(0.1375,0.02,0.));
#4471=CARTESIAN_POINT('',(0.3,0.,-0.00727940468532405));
#4472=CARTESIAN_POINT('',(0.155220595314676,0.,-0.00727940468532405));
#4473=CARTESIAN_POINT('',(0.159881823956162,0.012806620439397,-0.00261817604383839));
#4474=CARTESIAN_POINT('',(0.1625,0.02,0.));
#4475=CARTESIAN_POINT('',(0.155220595314676,0.,0.));
#4476=CARTESIAN_POINT('',(0.155220595314676,0.,-0.017720595314676));
#4477=CARTESIAN_POINT('',(0.159881823956162,0.012806620439397,-0.0223818239561616));
#4478=CARTESIAN_POINT('',(0.1625,0.02,-0.025));
#4479=CARTESIAN_POINT('',(0.3,0.,-0.017720595314676));
#4480=CARTESIAN_POINT('',(0.3,0.,0.));
#4481=CARTESIAN_POINT('',(0.0375,0.02,-0.025));
#4482=CARTESIAN_POINT('',(0.0401181760438384,0.012806620439397,-0.0223818239561616));
#4483=CARTESIAN_POINT('',(0.0447794046853241,0.,-0.017720595314676));
#4484=CARTESIAN_POINT('',(0.0447794046853241,0.,0.));
#4485=CARTESIAN_POINT('',(0.0447794046853241,0.,-0.00727940468532405));
#4486=CARTESIAN_POINT('',(0.0401181760438384,0.012806620439397,-0.00261817604383839));
#4487=CARTESIAN_POINT('',(0.0375,0.02,0.));
#4488=CARTESIAN_POINT('',(0.2,0.,-0.00727940468532405));
#4489=CARTESIAN_POINT('',(0.055220595314676,0.,-0.00727940468532405));
#4490=CARTESIAN_POINT('',(0.0598818239561616,0.012806620439397,-0.00261817604383839));
#4491=CARTESIAN_POINT('',(0.0625,0.02,0.));
#4492=CARTESIAN_POINT('',(0.055220595314676,0.,0.));
#4493=CARTESIAN_POINT('',(0.055220595314676,0.,-0.017720595314676));
#4494=CARTESIAN_POINT('',(0.0598818239561616,0.012806620439397,-0.0223818239561616));
#4495=CARTESIAN_POINT('',(0.0625,0.02,-0.025));
#4496=CARTESIAN_POINT('',(0.2,0.,-0.017720595314676));
#4497=CARTESIAN_POINT('',(0.2,0.,0.));
#4498=CARTESIAN_POINT('',(-0.0625,0.02,-0.025));
#4499=CARTESIAN_POINT('',(-0.0598818239561616,0.012806620439397,-0.0223818239561616));
#4500=CARTESIAN_POINT('',(-0.0552205953146759,0.,-0.017720595314676));
#4501=CARTESIAN_POINT('',(-0.0552205953146759,0.,0.));
#4502=CARTESIAN_POINT('',(-0.0552205953146759,0.,-0.00727940468532405));
#4503=CARTESIAN_POINT('',(-0.0598818239561616,0.012806620439397,-0.00261817604383839));
#4504=CARTESIAN_POINT('',(-0.0625,0.02,0.));
#4505=CARTESIAN_POINT('',(0.1,0.,-0.00727940468532405));
#4506=CARTESIAN_POINT('',(-0.044779404685324,0.,-0.00727940468532405));
#4507=CARTESIAN_POINT('',(-0.0401181760438384,0.012806620439397,-0.00261817604383839));
#4508=CARTESIAN_POINT('',(-0.0375,0.02,0.));
#4509=CARTESIAN_POINT('',(-0.044779404685324,0.,0.));
#4510=CARTESIAN_POINT('',(-0.044779404685324,0.,-0.017720595314676));
#4511=CARTESIAN_POINT('',(-0.0401181760438384,0.012806620439397,-0.0223818239561616));
#4512=CARTESIAN_POINT('',(-0.0375,0.02,-0.025));
#4513=CARTESIAN_POINT('',(0.1,0.,-0.017720595314676));
#4514=CARTESIAN_POINT('',(0.1,0.,0.));
#4515=CARTESIAN_POINT('',(50.,0.229999999999997,20.));
#4516=CARTESIAN_POINT('',(0.,-1.38777878078145E-17,-0.23));
#4517=MECHANICAL_DESIGN_GEOMETRIC_PRESENTATION_REPRESENTATION('',(#2795,
#2796,#2797),#4518);
#4518=(
GEOMETRIC_REPRESENTATION_CONTEXT(3)
GLOBAL_UNCERTAINTY_ASSIGNED_CONTEXT((#4522))
GLOBAL_UNIT_ASSIGNED_CONTEXT((#4528,#4527,#4526))
REPRESENTATION_CONTEXT('TSM-104-01-TM-SH','TOP_LEVEL_ASSEMBLY_PART')
);
#4519=(
GEOMETRIC_REPRESENTATION_CONTEXT(3)
GLOBAL_UNCERTAINTY_ASSIGNED_CONTEXT((#4523))
GLOBAL_UNIT_ASSIGNED_CONTEXT((#4528,#4527,#4526))
REPRESENTATION_CONTEXT('TSM-104-01-SH_body','COMPONENT_PART')
);
#4520=(
GEOMETRIC_REPRESENTATION_CONTEXT(3)
GLOBAL_UNCERTAINTY_ASSIGNED_CONTEXT((#4524))
GLOBAL_UNIT_ASSIGNED_CONTEXT((#4528,#4527,#4526))
REPRESENTATION_CONTEXT('T-1S6-08-TM(-01-4-SH)','COMPONENT_PART')
);
#4521=(
GEOMETRIC_REPRESENTATION_CONTEXT(3)
GLOBAL_UNCERTAINTY_ASSIGNED_CONTEXT((#4525))
GLOBAL_UNIT_ASSIGNED_CONTEXT((#4528,#4527,#4526))
REPRESENTATION_CONTEXT('T-1S6-08-TM(-01-4-SH)2','COMPONENT_PART')
);
#4522=UNCERTAINTY_MEASURE_WITH_UNIT(LENGTH_MEASURE(3.93700787401575E-7),
#4528,'DISTANCE_ACCURACY_VALUE','Maximum Tolerance applied to model');
#4523=UNCERTAINTY_MEASURE_WITH_UNIT(LENGTH_MEASURE(3.93700787401575E-7),
#4528,'DISTANCE_ACCURACY_VALUE','Maximum Tolerance applied to model');
#4524=UNCERTAINTY_MEASURE_WITH_UNIT(LENGTH_MEASURE(3.93700787401575E-7),
#4528,'DISTANCE_ACCURACY_VALUE','Maximum Tolerance applied to model');
#4525=UNCERTAINTY_MEASURE_WITH_UNIT(LENGTH_MEASURE(3.93700787401575E-7),
#4528,'DISTANCE_ACCURACY_VALUE','Maximum Tolerance applied to model');
#4526=(
NAMED_UNIT(*)
SI_UNIT($,.STERADIAN.)
SOLID_ANGLE_UNIT()
);
#4527=(
NAMED_UNIT(*)
PLANE_ANGLE_UNIT()
SI_UNIT($,.RADIAN.)
);
#4528=(
CONVERSION_BASED_UNIT('INCH',#4530)
LENGTH_UNIT()
NAMED_UNIT(#4529)
);
#4529=DIMENSIONAL_EXPONENTS(1.,0.,0.,0.,0.,0.,0.);
#4530=LENGTH_MEASURE_WITH_UNIT(LENGTH_MEASURE(25.4),#4531);
#4531=(
LENGTH_UNIT()
NAMED_UNIT(*)
SI_UNIT(.MILLI.,.METRE.)
);
#4532=PRODUCT_DEFINITION_SHAPE('','',#4539);
#4533=PRODUCT_DEFINITION_SHAPE('','',#4540);
#4534=PRODUCT_DEFINITION_SHAPE(' ','NAUO PRDDFN',#69);
#4535=PRODUCT_DEFINITION_SHAPE('','',#4541);
#4536=PRODUCT_DEFINITION_SHAPE(' ','NAUO PRDDFN',#70);
#4537=PRODUCT_DEFINITION_SHAPE('','',#4542);
#4538=PRODUCT_DEFINITION_SHAPE(' ','NAUO PRDDFN',#71);
#4539=PRODUCT_DEFINITION('','',#4547,#4543);
#4540=PRODUCT_DEFINITION('','',#4548,#4544);
#4541=PRODUCT_DEFINITION('','',#4549,#4545);
#4542=PRODUCT_DEFINITION('','',#4550,#4546);
#4543=PRODUCT_DEFINITION_CONTEXT('',#4568,'design');
#4544=PRODUCT_DEFINITION_CONTEXT('',#4568,'design');
#4545=PRODUCT_DEFINITION_CONTEXT('',#4568,'design');
#4546=PRODUCT_DEFINITION_CONTEXT('',#4568,'design');
#4547=PRODUCT_DEFINITION_FORMATION_WITH_SPECIFIED_SOURCE('','',#4555,
 .NOT_KNOWN.);
#4548=PRODUCT_DEFINITION_FORMATION_WITH_SPECIFIED_SOURCE('','',#4556,
 .NOT_KNOWN.);
#4549=PRODUCT_DEFINITION_FORMATION_WITH_SPECIFIED_SOURCE('','',#4557,
 .NOT_KNOWN.);
#4550=PRODUCT_DEFINITION_FORMATION_WITH_SPECIFIED_SOURCE('','',#4558,
 .NOT_KNOWN.);
#4551=PRODUCT_RELATED_PRODUCT_CATEGORY('','',(#4555));
#4552=PRODUCT_RELATED_PRODUCT_CATEGORY('','',(#4556));
#4553=PRODUCT_RELATED_PRODUCT_CATEGORY('','',(#4557));
#4554=PRODUCT_RELATED_PRODUCT_CATEGORY('','',(#4558));
#4555=PRODUCT('TSM-104-01-TM-SH','TSM-104-01-TM-SH','TSM-104-01-TM-SH',
(#4563));
#4556=PRODUCT('TSM-104-01-SH_body','TSM-104-01-SH_body',
'TSM-104-01-SH_body',(#4564));
#4557=PRODUCT('T-1S6-08-TM(-01-4-SH)','T-1S6-08-TM(-01-4-SH)',
'T-1S6-08-TM(-01-4-SH)',(#4565));
#4558=PRODUCT('T-1S6-08-TM(-01-4-SH)2','T-1S6-08-TM(-01-4-SH)2',
'T-1S6-08-TM(-01-4-SH)2',(#4566));
#4559=PRODUCT_CATEGORY('','');
#4560=PRODUCT_CATEGORY('','');
#4561=PRODUCT_CATEGORY('','');
#4562=PRODUCT_CATEGORY('','');
#4563=PRODUCT_CONTEXT('',#4568,'mechanical');
#4564=PRODUCT_CONTEXT('',#4568,'mechanical');
#4565=PRODUCT_CONTEXT('',#4568,'mechanical');
#4566=PRODUCT_CONTEXT('',#4568,'mechanical');
#4567=APPLICATION_PROTOCOL_DEFINITION('international standard',
'automotive_design',2010,#4568);
#4568=APPLICATION_CONTEXT(
'core data for automotive mechanical design processes');
ENDSEC;
END-ISO-10303-21;
